	metabolites	biocyc	envipath	inchikey	kegg.drug	kegg.glycan	reactome	sabiork.compound	sbo	seed.compound	slm	pubchem.compound	vmhmetabolite	metanetx.chemical	kegg.compound	hmdb	chebi	bigg.metabolite	lipidmaps	metatlas
0	13dpg_c	META:DPG		LJQLQCAXBUHEAZ-UWTATZPHSA-J			29800	21215	SBO:0000247	cpd00203		439191	13dpg	MNXM261	C00236	HMDB62758	CHEBI:16001	13dpg		MAM00247c
1	23dpg_c	META:23-DIPHOSPHOGLYCERATE		XOHUEYCVLUUEJJ-UWTATZPHSA-I			6798337	20899;1355	SBO:0000247	cpd00853;cpd02119			23dpg	MNXM146487;MNXM892	C01159	HMDB01294	CHEBI:17720	23dpg		MAM00569c
2	2kmb_c	META:CPD-479		SXFSQZDSUWACKX-UHFFFAOYSA-M			1237122	5424	SBO:0000247	cpd00869			2kmb	MNXM276	C01180	HMDB01553;HMDB13210	CHEBI:33574	2kmb	LMFA01060170	MAM01016c
3	2pg_c	META:2-PG		GXIURPTVHJPJLF-UWTATZPHSA-K			30485	31	SBO:0000247	cpd00482		439278	2pg	MNXM275	C00631	HMDB00362;HMDB62707;HMDB03391	CHEBI:17835	2pg		MAM00674c
4	35camp_c	META:CAMP		IVOMOUWHDPKRLL-KQYNXXCUSA-M			30389	1379	SBO:0000247	cpd00446		6076	camp	MNXM243	C00575	HMDB0000058	CHEBI:17489	camp		MAM01419c
5	35camp_e	META:CAMP		IVOMOUWHDPKRLL-KQYNXXCUSA-M			30389	1379	SBO:0000247	cpd00446		6076	camp	MNXM243	C00575	HMDB0000058	CHEBI:17489	camp		MAM01419e
6	35cgmp_c	META:CGMP		ZOOGRGPOEVQQDX-UUOKFMHZSA-M					SBO:0000247	cpd00697		24316	35cgmp	MNXM665	C00942	HMDB0001314	CHEBI:16356	35cgmp		MAM01433c
7	35cgmp_e	META:CGMP		ZOOGRGPOEVQQDX-UUOKFMHZSA-M					SBO:0000247	cpd00697		24316	35cgmp	MNXM665	C00942	HMDB0001314	CHEBI:16356	35cgmp		MAM01433e
8	3dhguln_c	META:3-KETO-L-GULONATE		WTAHRPBPWHCMHW-LWKDLAHASA-M			5661262	2117	SBO:0000247	cpd00473		439273	3dhguln	MNXM736	C00618	HMDB0006334	CHEBI:16142	3dhguln		MAM00768c
9	3moxtyr_c	META:CPD-7650		DIVQKHQLANKJQO-UHFFFAOYSA-O					SBO:0000247	cpd03316		1669	3moxtyr	MNXM3848	C05587	HMDB0000022	CHEBI:742324	3moxtyr		MAM00821c
10	3moxtyr_e	META:CPD-7650		DIVQKHQLANKJQO-UHFFFAOYSA-O					SBO:0000247	cpd03316		1669	3moxtyr	MNXM3848	C05587	HMDB0000022	CHEBI:742324	3moxtyr		MAM00821e
11	3pg_c	META:G3P		OSJPPGNTCRNQQC-UWTATZPHSA-K			6799493;29728	21216	SBO:0000247	cpd00169		439183	3pg	MNXM126	C00197	HMDB60180	CHEBI:17794	3pg		MAM00913c
12	4pyrdx_c								SBO:0000247			6723	4pyrdx	MNXM163205	C00847	HMDB0000017	CHEBI:17405	4pyrdx		MAM01033c
13	4pyrdx_e								SBO:0000247			6723	4pyrdx	MNXM163205	C00847	HMDB0000017	CHEBI:17405	4pyrdx		MAM01033e
14	5aop_c	META:5-AMINO-LEVULINATE		ZGXJTSGNIOSYLO-UHFFFAOYSA-N	D07567		189489;189466		SBO:0000247	cpd00338		137	5aop	MNXM405	C00430	HMDB0001149	CHEBI:17549	5aop	LMFA01100055	MAM01074c
15	5aop_e	META:5-AMINO-LEVULINATE		ZGXJTSGNIOSYLO-UHFFFAOYSA-N	D07567		189489;189466		SBO:0000247	cpd00338		137	5aop	MNXM405	C00430	HMDB0001149	CHEBI:17549	5aop	LMFA01100055	MAM01074e
16	5mdr1p_c	META:CPD-444		JTFITTQBRJDSTL-KVTDHHQDSA-L			1237165	1642	SBO:0000247	cpd02574;cpd29669		53477720	5mdr1p	MNXM407	C04188		CHEBI:20614;CHEBI:12769;CHEBI:12767;CHEBI:20616;CHEBI:30310;CHEBI:30311;CHEBI:58533;CHEBI:2102;CHEBI:27859;CHEBI:12770;CHEBI:30309	5mdr1p		MAM02481c
17	5mdru1p_c	META:CPD-1063		CNSJRYUMVMWNMC-RITPCOANSA-L			1237107		SBO:0000247	cpd02791		174549	5mdru1p	MNXM522	C04582	HMDB62647;HMDB01299	CHEBI:28096	5mdru1p		MAM02910c
18	5mta_c	META:5-METHYLTHIOADENOSINE		WUUGFSXJNOTRMR-IOSLPCCCSA-N			5279412;353106	1960	SBO:0000247	cpd00147		439176	5mta	MNXM150	C00170	HMDB0001173	CHEBI:17509	5mta		MAM01116c
19	5oxpro_c	META:5-OXOPROLINE		ODHCTXKNWHHXJC-VKHMYHEASA-M			1247942	2392	SBO:0000247	cpd01293		7405	5oxpro	MNXM964	C01879	HMDB0000267	CHEBI:18183	5oxpro		MAM01127c
20	6pgc_c	META:CPD-2961		BIRSGZKFKXLSJQ-SQOUGZDYSA-K			29996	22801;2024	SBO:0000247	cpd00284		91493	6pgc	MNXM325	C00345	HMDB0001316	CHEBI:48928	6pgc		MAM01169c
21	6pgl_c	META:D-6-P-GLUCONO-DELTA-LACTONE		IJOJIVNDFQSGAB-SQOUGZDYSA-L			31467	1366	SBO:0000247	cpd00911		439452	6pgl	MNXM429	C01236	HMDB62628;HMDB01127	CHEBI:16938	6pgl		MAM01961c
22	FA_hs_16_0_c	META:PALMITATE	32de3cf4-e3e6-4168-956e-32fa5ddb0ce1/compound/dc7314a1-8e9a-410f-be4f-f7d8bf32b1cb	IPCSVZSSVZVIGE-UHFFFAOYSA-M	D05341		2453691;3632881;76168;5690516;390435;426576	1990	SBO:0000247	cpd00214	000000510	985	hdca	MNXM108	C00249	HMDB0000220	CHEBI:15756	hdca	LMFA01010001	MAM02674c
23	FA_hs_16_0_e	META:PALMITATE	32de3cf4-e3e6-4168-956e-32fa5ddb0ce1/compound/dc7314a1-8e9a-410f-be4f-f7d8bf32b1cb	IPCSVZSSVZVIGE-UHFFFAOYSA-M	D05341		2453691;3632881;76168;5690516;390435;426576	1990	SBO:0000247	cpd00214	000000510	985	hdca	MNXM108	C00249	HMDB0000220	CHEBI:15756	hdca	LMFA01010001	MAM02674e
24	FA_hs_18_9Z12Z_c	META:LINOLEIC_ACID		OYHQOLUKZRVURQ-HZJYTTRNSA-M			2046044	2298	SBO:0000247	cpd01122	000000407	5280450	lnlc	MNXM293	C01595	HMDB0000673	CHEBI:17351	lnlc	LMFA01030120	MAM02387c
25	FA_hs_18_9Z12Z_e	META:LINOLEIC_ACID		OYHQOLUKZRVURQ-HZJYTTRNSA-M			2046044	2298	SBO:0000247	cpd01122	000000407	5280450	lnlc	MNXM293	C01595	HMDB0000673	CHEBI:17351	lnlc	LMFA01030120	MAM02387e
26	FA_hs_18_9Z_c	META:OLEATE-CPD		ZQPPMHVWECSIRJ-KTKRTIGZSA-M	D02315			2139;28897	SBO:0000247	cpd00536	000000418	5460221	ocdcea	MNXM306;MNXM727011	C00712	HMDB0000207	CHEBI:30823	ocdcea	LMFA01030002	MAM02646c
27	FA_hs_18_9Z_e	META:OLEATE-CPD		ZQPPMHVWECSIRJ-KTKRTIGZSA-M	D02315			2139;28897	SBO:0000247	cpd00536	000000418	5460221	ocdcea	MNXM306;MNXM727011	C00712	HMDB0000207	CHEBI:30823	ocdcea	LMFA01030002	MAM02646e
28	FAcoa_hs_16_0_c	META:PALMITYL-COA	32de3cf4-e3e6-4168-956e-32fa5ddb0ce1/compound/683c12f9-18f4-4439-a718-0877aa11b9ae	MNBKLUUYKPBKDU-BBECNAHFSA-J			5358339	1310	SBO:0000247	cpd00134	000000383	644109	pmtcoa	MNXM88	C00154	HMDB0001338	CHEBI:15525	pmtcoa	LMFA07050002	MAM02678c
29	FAcoa_hs_18_9Z12Z_c	META:CPD-18		YECLLIMZHNYFCK-RRNJGNTNSA-J			77359;2046063	2364	SBO:0000247	cpd01398	000000493	5462164	lnlccoa	MNXM638	C02050	HMDB0001064	CHEBI:15530	lnlccoa	LMFA07050035	MAM02391c
30	FAcoa_hs_18_9Z_c								SBO:0000247			5280355	odecoa	MNXM1848;MNXM686	C00510	HMDB0001322	CHEBI:15534	odecoa	LMFA07050356	MAM02647c
31	FAcrn_hs_16_0_c								SBO:0000247			11953816	pmtcrn	MNXM162587;MNXM787	C02990	HMDB0000222	CHEBI:17490	pmtcrn	LMFA07070004	MAM02411c
32	FAcrn_hs_18_9Z12Z_c								SBO:0000247			6450015	lnlccrn	MNXM8847				lnlccrn		MAM02388c
33	FAcrn_hs_18_9Z_c								SBO:0000247				odecrn	MNXM65475;MNXM8956		HMDB0005065		odecrn		MAM02639c
34	ac_c	META:ACET	5882df9c-dae1-4d80-a40e-db4724271456/compound/9e26dcbe-4db9-46a0-8614-9f03545032d2;5882df9c-dae1-4d80-a40e-db4724271456/compound/5e4989fc-13d3-45d4-ad57-3be380a9d3c0;650babc9-9d68-4b73-9332-11972ca26f7b/compound/a8f0be58-24e8-441b-8d81-a516a0ead4b3;4fd7f3e0-dd25-43ac-9453-dda3e52396e4/compound/d45256fe-61fa-4f5b-bb16-91a3d615e3d8;32de3cf4-e3e6-4168-956e-32fa5ddb0ce1/compound/b545cabc-8c9e-4b20-8848-efa015b481ea;650babc9-9d68-4b73-9332-11972ca26f7b/compound/3e2d750f-df31-4445-9255-163c627e9b4a	QTBSBXVTEAMEQO-UHFFFAOYSA-M	D00010		1524044;390305;113539;2022890;29416	1278	SBO:0000247	cpd00029	000000449	176	ac	MNXM26	C00033	HMDB0000042	CHEBI:15366	ac	LMFA01010002	MAM01252c
35	ac_e	META:ACET	5882df9c-dae1-4d80-a40e-db4724271456/compound/9e26dcbe-4db9-46a0-8614-9f03545032d2;5882df9c-dae1-4d80-a40e-db4724271456/compound/5e4989fc-13d3-45d4-ad57-3be380a9d3c0;650babc9-9d68-4b73-9332-11972ca26f7b/compound/a8f0be58-24e8-441b-8d81-a516a0ead4b3;4fd7f3e0-dd25-43ac-9453-dda3e52396e4/compound/d45256fe-61fa-4f5b-bb16-91a3d615e3d8;32de3cf4-e3e6-4168-956e-32fa5ddb0ce1/compound/b545cabc-8c9e-4b20-8848-efa015b481ea;650babc9-9d68-4b73-9332-11972ca26f7b/compound/3e2d750f-df31-4445-9255-163c627e9b4a	QTBSBXVTEAMEQO-UHFFFAOYSA-M	D00010		1524044;390305;113539;2022890;29416	1278	SBO:0000247	cpd00029	000000449	176	ac	MNXM26	C00033	HMDB0000042	CHEBI:15366	ac	LMFA01010002	MAM01252e
36	acald_c	META:ACETALD	4fd7f3e0-dd25-43ac-9453-dda3e52396e4/compound/9c8865b2-a99d-42e4-a042-c88504f04b51;5882df9c-dae1-4d80-a40e-db4724271456/compound/47aa8e53-36ae-4be3-987c-c1cfab66af78;650babc9-9d68-4b73-9332-11972ca26f7b/compound/ee2c714d-ff9d-4df8-b343-48c1ec76ef0e;32de3cf4-e3e6-4168-956e-32fa5ddb0ce1/compound/78f3645f-408e-4001-9dda-a52ea62a15d4	IKHGUXGNUITLKF-UHFFFAOYSA-N			113532;29510;113681;113745	1292	SBO:0000247	cpd00071		177	acald	MNXM75	C00084	HMDB0000990	CHEBI:15343	acald		MAM01249c
37	acald_e	META:ACETALD	4fd7f3e0-dd25-43ac-9453-dda3e52396e4/compound/9c8865b2-a99d-42e4-a042-c88504f04b51;5882df9c-dae1-4d80-a40e-db4724271456/compound/47aa8e53-36ae-4be3-987c-c1cfab66af78;650babc9-9d68-4b73-9332-11972ca26f7b/compound/ee2c714d-ff9d-4df8-b343-48c1ec76ef0e;32de3cf4-e3e6-4168-956e-32fa5ddb0ce1/compound/78f3645f-408e-4001-9dda-a52ea62a15d4	IKHGUXGNUITLKF-UHFFFAOYSA-N			113532;29510;113681;113745	1292	SBO:0000247	cpd00071		177	acald	MNXM75	C00084	HMDB0000990	CHEBI:15343	acald		MAM01249e
38	acgam6p_c	META:CPD-16168;META:N-ACETYL-D-GLUCOSAMINE-6-P		BRGMHAYQAZFZDJ-RTRLPJTCSA-L			449703	1676	SBO:0000247	cpd00293		440996	acgam6p	MNXM63556	C00357	HMDB01062;HMDB02817	CHEBI:15784	acgam6p		MAM02529c
39	acgam_c	META:N-acetyl-D-glucosamine		OVRNDRQMDRJTHS-RTRLPJTCSA-N			2162231;1678743	95	SBO:0000247	cpd27608;cpd00122		439174	acgam	MNXM143	C00140	HMDB0000215	CHEBI:506227	acgam		MAM02527c
40	acmana_c	META:N-acetyl-D-mannosamine		MBLBDJOUHNCFQT-XAMCCFCMSA-N			4085214	25302;1583	SBO:0000247	cpd00492		439281	acmana	MNXM2403	C00645	HMDB62724	CHEBI:17122	acmana		MAM02524c
41	acmanap_c	META:N-ACETYL-D-MANNOSAMINE-6P		QDSLHWJDSQGPEE-WCTZXXKLSA-L			4085225	1802	SBO:0000247	cpd02612		21918217	acmanap	MNXM4708	C04257	HMDB01121	CHEBI:28273	acmanap		MAM02539c
42	acnam_c	META:N-ACETYLNEURAMINATE;META:CPD0-1123		SQVRNKJHWKZAKO-LUWBGTNYSA-M				22759;2006	SBO:0000247	cpd27569;cpd21149;cpd00232		445063	acnam	MNXM227	C19910	HMDB0000230	CHEBI:45744	acnam		MAM02543c
43	acnam_e	META:N-ACETYLNEURAMINATE;META:CPD0-1123		SQVRNKJHWKZAKO-LUWBGTNYSA-M				22759;2006	SBO:0000247	cpd27569;cpd21149;cpd00232		445063	acnam	MNXM227	C19910	HMDB0000230	CHEBI:45744	acnam		MAM02543e
44	acnamp_c								SBO:0000247			440962	acnamp	MNXM164499;MNXM3315	C06241		CHEBI:27438	acnamp		MAM02544c
45	ade_c	META:ADENINE;META:ADENINE-RING		GFFGJBXGBJISGV-UHFFFAOYSA-N	D00034		83951	57	SBO:0000247	cpd00128;cpd22238		190	ade	MNXM168	C00147	HMDB0000034	CHEBI:16708	ade		MAM01279c
46	ade_e	META:ADENINE;META:ADENINE-RING		GFFGJBXGBJISGV-UHFFFAOYSA-N	D00034		83951	57	SBO:0000247	cpd00128;cpd22238		190	ade	MNXM168	C00147	HMDB0000034	CHEBI:16708	ade		MAM01279e
47	adn_c	META:ADENOSINE		OIRDTQYFTABQOQ-KQYNXXCUSA-N	D00045		83908;83909;8857850	1402	SBO:0000247	cpd00182		60961	adn	MNXM212	C00212	HMDB0000050	CHEBI:16335	adn		MAM01280c
48	adn_e	META:ADENOSINE		OIRDTQYFTABQOQ-KQYNXXCUSA-N	D00045		83908;83909;8857850	1402	SBO:0000247	cpd00182		60961	adn	MNXM212	C00212	HMDB0000050	CHEBI:16335	adn		MAM01280e
49	adp_c	META:ADP		XTWYTFMLZFPYCI-KQYNXXCUSA-K		G11113	114565;211606;114564;6798177;5632457;5696026;8869360;29370;113581;113582	35	SBO:0000247	cpd00008		6022	adp	MNXM7	C00008	HMDB0001341	CHEBI:16761	adp		MAM01285c
50	adprbp_c								SBO:0000247			439957	adprbp	MNXM92094	C03246		CHEBI:37463	adprbp		MAM01289c
51	adrnl__L_c								SBO:0000247			5816	adrnl	MNXM162647;MNXM31772	C00788	HMDB0000068	CHEBI:28918	adrnl		MAM01290c
52	adrnl__L_e								SBO:0000247			5816	adrnl	MNXM162647;MNXM31772	C00788	HMDB0000068	CHEBI:28918	adrnl		MAM01290e
53	ahcys__L_c	META:ADENOSYL-HOMO-CYS		ZJUKTBDSGOFHSH-WFMPWKQPSA-N			2162252;77502;5278409;71285	1274	SBO:0000247	cpd00019		439155	ahcys	MNXM19	C00021	HMDB0000939	CHEBI:16680	ahcys		MAM02871c
54	akg_c	META:2-KETOGLUTARATE	32de3cf4-e3e6-4168-956e-32fa5ddb0ce1/compound/5b0a94f6-d411-44fd-bcc1-fb79b4e697f5;4fd7f3e0-dd25-43ac-9453-dda3e52396e4/compound/6557f3f2-0ab8-494b-a865-8ce0eae788a9	KPGXRSRHYNQIFN-UHFFFAOYSA-L			113594;561075;5278317;113671;29406;389537	1922	SBO:0000247	cpd00024		51	akg	MNXM20	C00026	HMDB0000208	CHEBI:30915	akg		MAM01306c
55	ala__L_c	META:L-ALPHA-ALANINE	650babc9-9d68-4b73-9332-11972ca26f7b/compound/d80739c7-acbe-4c00-8ea2-e3d19a191be2;650babc9-9d68-4b73-9332-11972ca26f7b/compound/1aad160f-1c5e-48e0-9473-6305321b31ed	QNAYBMKLOCPYGJ-REOHCLBHSA-N	D00012		389664;352036;29432;379697	2280;67	SBO:0000247	cpd00035;cpd01003		5950	ala_L	MNXM32	C00041	HMDB0000161	CHEBI:16977	ala__L		MAM01307c
56	ala__L_e	META:L-ALPHA-ALANINE	650babc9-9d68-4b73-9332-11972ca26f7b/compound/d80739c7-acbe-4c00-8ea2-e3d19a191be2;650babc9-9d68-4b73-9332-11972ca26f7b/compound/1aad160f-1c5e-48e0-9473-6305321b31ed	QNAYBMKLOCPYGJ-REOHCLBHSA-N	D00012		389664;352036;29432;379697	2280;67	SBO:0000247	cpd00035;cpd01003		5950	ala_L	MNXM32	C00041	HMDB0000161	CHEBI:16977	ala__L		MAM01307e
57	amet__L_c	META:S-ADENOSYLMETHIONINE		MEFKEPWMEQBLKI-AIRLBKTGSA-O			2162265;5279190;77087;71284;353113	1272	SBO:0000247	cpd00017		16757548	amet	MNXM16	C00019	HMDB0001185	CHEBI:15414	amet		MAM02877c
58	ametam_c	META:S-ADENOSYLMETHIONINAMINE		ZUNBITIXDCPNSD-LSRJEVITSA-O				5404	SBO:0000247	cpd00837		439415	ametam	MNXM321	C01137	HMDB0000988	CHEBI:15625	ametam		MAM02870c
59	amp_c	META:AMP-GROUP;META:AMP		UDMBCSSLTHHNCD-KQYNXXCUSA-L	D02769		389620;159448;76577;109275;164121	1273	SBO:0000247	cpd22272;cpd00018		6083	amp	MNXM14	C00020	HMDB0000045	CHEBI:16027	amp		MAM01334c
60	ap4a_c	META:ADENOSYL-P4		YOAHKNVSNCMZGQ-XPWFQUROSA-J				1707	SBO:0000247	cpd00924			ap4a	MNXM1089	C01260	HMDB01211;HMDB06502	CHEBI:17422	ap4a		MAM02670c
61	arg__L_c	META:ARG		ODKSFYDXXFIFQN-BYPYZUCNSA-O	D02982		351977;29468;374064;113530	2410;23080;80	SBO:0000247	cpd00051;cpd19021		6322	arg_L	MNXM70	C00062	HMDB0000517	CHEBI:16467	arg__L		MAM01365c
62	arg__L_e	META:ARG		ODKSFYDXXFIFQN-BYPYZUCNSA-O	D02982		351977;29468;374064;113530	2410;23080;80	SBO:0000247	cpd00051;cpd19021		6322	arg_L	MNXM70	C00062	HMDB0000517	CHEBI:16467	arg__L		MAM01365e
63	ascb__L_c	META:ASCORBATE		CIWBSHSKHKDKBQ-JLAZNSOCSA-M	D00018		198816;351595;198836	1929	SBO:0000247	cpd00059		54670067	ascb_L	MNXM89592	C00072	HMDB0000044	CHEBI:17208	ascb__L		MAM01368c
64	ascb__L_e	META:ASCORBATE		CIWBSHSKHKDKBQ-JLAZNSOCSA-M	D00018		198816;351595;198836	1929	SBO:0000247	cpd00059		54670067	ascb_L	MNXM89592	C00072	HMDB0000044	CHEBI:17208	ascb__L		MAM01368e
65	atp_c	META:ATP		ZKHQWZAMYRWXGA-KQYNXXCUSA-J	D08646		8878982;389573;8938081;211579;113593;113592;5632460;5696069;29358;8869363;6798184	34	SBO:0000247	cpd00002		5957	atp	MNXM3	C00002	HMDB0000538	CHEBI:15422	atp		MAM01371c
66	band_c								SBO:0000247				band	MNXM148099				band		MAM03481c
67	bandmt_c								SBO:0000247				bandmt	MNXM148098				bandmt		MAM03482c
68	bilglcur_c								SBO:0000247				bilglcur	MNXM162498	C03374		CHEBI:16427	bilglcur		MAM01398c
69	bilglcur_e								SBO:0000247				bilglcur	MNXM162498	C03374		CHEBI:16427	bilglcur		MAM01398e
70	bilirub_c	META:BILIRUBIN		BPYKTIZUTYGOLE-IFADSCNNSA-L			189386;159151	5116	SBO:0000247	cpd00376		5280352	bilirub	MNXM534	C00486	HMDB0000054	CHEBI:16990	bilirub		MAM01396c
71	biliverd_c	META:BILIVERDINE		QBUVFDKTZJNUPP-BBROENKCSA-L			189396	5120	SBO:0000247	cpd00389			biliverd	MNXM416	C00500	HMDB01008;HMDB02309	CHEBI:17033	biliverd		MAM01399c
72	ca2_c	META:CA+2		BHPQYMZQTOCNFJ-UHFFFAOYSA-N			111875;167012;139827;74016;74112;1606834;2855229	1289	SBO:0000247	cpd29674;cpd00063		271	ca2	MNXM128	C00076	HMDB0000464	CHEBI:29108	ca2		MAM01413c
73	ca2_e	META:CA+2		BHPQYMZQTOCNFJ-UHFFFAOYSA-N			111875;167012;139827;74016;74112;1606834;2855229	1289	SBO:0000247	cpd29674;cpd00063		271	ca2	MNXM128	C00076	HMDB0000464	CHEBI:29108	ca2		MAM01413e
74	cdp_c	META:CDP		ZWIADYZPOWUWEW-XVFCMESISA-K					SBO:0000247	cpd00096		6132	cdp	MNXM220	C00112	HMDB01546	CHEBI:17239	cdp		MAM01424c
75	cdpchol_c	META:CDP-CHOLINE		RZZPDXZPRHQOCG-OJAKKHQRSA-M	D00057		1524060	2012	SBO:0000247	cpd00256		13804	cdpchol	MNXM283	C00307	HMDB01413	CHEBI:16436	cdpchol		MAM01425c
76	cdpdag_hs_16_0_16_0_c								SBO:0000247					MNXM148140				cdpdag_hs_16_0_16_0		
77	cdpdag_hs_16_0_18_9Z12Z_c								SBO:0000247					MNXM148143				cdpdag_hs_16_0_18_2		
78	cdpdag_hs_16_0_18_9Z_c								SBO:0000247					MNXM148142				cdpdag_hs_16_0_18_1		
79	cdpdag_hs_18_9Z12Z_16_0_c								SBO:0000247					MNXM148132				cdpdag_hs_18_2_16_0		
80	cdpdag_hs_18_9Z12Z_18_9Z_c								SBO:0000247					MNXM148133				cdpdag_hs_18_2_18_1		
81	cdpdag_hs_18_9Z_18_9Z12Z_c								SBO:0000247					MNXM148149				cdpdag_hs_18_1_18_2		
82	cdpdag_hs_18_9Z_18_9Z_c								SBO:0000247					MNXM148148				cdpdag_hs_18_1_18_1		
83	cdpea_c	META:CDP-ETHANOLAMINE		WVIMUEUQJFPNDK-PEBGCTIMSA-M			1500603	2100	SBO:0000247	cpd00444		123727	cdpea	MNXM449	C00570	HMDB0001564	CHEBI:16732	cdpea		MAM01428c
84	chol_c	META:CHOLINE		OEYIOHPDSNJKLS-UHFFFAOYSA-N	D10498;D07690		264618;264638;6798162	1935	SBO:0000247	cpd00098		305	chol	MNXM90	C00114	HMDB0000097	CHEBI:15354	chol		MAM01513c
85	chol_e	META:CHOLINE		OEYIOHPDSNJKLS-UHFFFAOYSA-N	D10498;D07690		264618;264638;6798162	1935	SBO:0000247	cpd00098		305	chol	MNXM90	C00114	HMDB0000097	CHEBI:15354	chol		MAM01513e
86	cholp_c	META:PHOSPHORYL-CHOLINE		YHHSONZFOIEMCP-UHFFFAOYSA-M			6814794;194358;1610735;1605750;1524071;1606280	2109	SBO:0000247	cpd00457		1014	cholp	MNXM229	C00588	HMDB0001565	CHEBI:18132	cholp		MAM02738c
87	cl_c	META:HCL;META:CL-	5882df9c-dae1-4d80-a40e-db4724271456/compound/8797b51e-be83-48e1-82db-612c84006fdf;32de3cf4-e3e6-4168-956e-32fa5ddb0ce1/compound/b3225d45-6d2f-4312-a60d-70c87b617ad4	VEXZGXHMUGYJMC-UHFFFAOYSA-M	D02057		29572;188972;3301973;352022;2731020;2731008;2730999	2270;51	SBO:0000247	cpd00099		24526	cl	MNXM43	C00698	HMDB0000492	CHEBI:29311	cl		MAM01442c
88	cl_e	META:HCL;META:CL-	5882df9c-dae1-4d80-a40e-db4724271456/compound/8797b51e-be83-48e1-82db-612c84006fdf;32de3cf4-e3e6-4168-956e-32fa5ddb0ce1/compound/b3225d45-6d2f-4312-a60d-70c87b617ad4	VEXZGXHMUGYJMC-UHFFFAOYSA-M	D02057		29572;188972;3301973;352022;2731020;2731008;2730999	2270;51	SBO:0000247	cpd00099		24526	cl	MNXM43	C00698	HMDB0000492	CHEBI:29311	cl		MAM01442e
89	cmp_c	META:CMP		IERHLVCPSMICTF-XVFCMESISA-L		G10621	1524067;727810;109395	1284	SBO:0000247	cpd00046		6131	cmp	MNXM31	C00055	HMDB0000095	CHEBI:17361	cmp		MAM01590c
90	co2_c	META:CARBON-DIOXIDE	650babc9-9d68-4b73-9332-11972ca26f7b/compound/2ec3da94-5f50-4525-81b1-5607c5c7a3d3;32de3cf4-e3e6-4168-956e-32fa5ddb0ce1/compound/05f60af4-0a3f-4ead-9a29-33bb0f123379	CURLTUGMZLYLDI-UHFFFAOYSA-N	D00004		29376;5668565;189480;1132345;113528;1237009;159751;389536;159942	1266	SBO:0000247	cpd00011		280	co2	MNXM13	C00011	HMDB0001967	CHEBI:16526	co2		MAM01596c
91	co2_e	META:CARBON-DIOXIDE	650babc9-9d68-4b73-9332-11972ca26f7b/compound/2ec3da94-5f50-4525-81b1-5607c5c7a3d3;32de3cf4-e3e6-4168-956e-32fa5ddb0ce1/compound/05f60af4-0a3f-4ead-9a29-33bb0f123379	CURLTUGMZLYLDI-UHFFFAOYSA-N	D00004		29376;5668565;189480;1132345;113528;1237009;159751;389536;159942	1266	SBO:0000247	cpd00011		280	co2	MNXM13	C00011	HMDB0001967	CHEBI:16526	co2		MAM01596e
92	co_c	META:CARBON-MONOXIDE	32de3cf4-e3e6-4168-956e-32fa5ddb0ce1/compound/a0a5ff93-8a43-48da-aab5-cef2c628da42	UGFAIRIUMAVXCW-UHFFFAOYSA-N	D03398;D09706		189385	1987	SBO:0000247	cpd00204		281	co	MNXM10881	C00237	HMDB01361	CHEBI:17245	co		MAM01595c
93	co_e	META:CARBON-MONOXIDE	32de3cf4-e3e6-4168-956e-32fa5ddb0ce1/compound/a0a5ff93-8a43-48da-aab5-cef2c628da42	UGFAIRIUMAVXCW-UHFFFAOYSA-N	D03398;D09706		189385	1987	SBO:0000247	cpd00204		281	co	MNXM10881	C00237	HMDB01361	CHEBI:17245	co		MAM01595e
94	coa_c	META:COA-GROUP;META:CO-A	32de3cf4-e3e6-4168-956e-32fa5ddb0ce1/compound/19310484-6aa5-4dcf-b1da-855a8c21ecfd	RGJOEKWQDUBAIZ-IBOSZNHHSA-J			193514;162743;2485002;1678675;29374;76194;8939024	1265	SBO:0000247	cpd22528;cpd00010		6816	coa	MNXM12	C00010	HMDB0001423	CHEBI:1146900	coa		MAM01597c
95	cpppg3_c	META:COPROPORPHYRINOGEN_III		NIUVHXTXUXOFEB-UHFFFAOYSA-J			189455;189411	8129;6515	SBO:0000247	cpd02083		321	cpppg3	MNXM410	C03263	HMDB0001261	CHEBI:15439	cpppg3		MAM01606c
96	crn_c	META:CARNITINE		PHIQHXFUZVPYII-ZCFIWIBFSA-N	D02176		201023;549207;164988;390294;30235	3872;1328	SBO:0000247	cpd19003;cpd00266		2724480	crn	MNXM173	C15025	HMDB0000062	CHEBI:11060	crn		MAM02348c
97	ctp_c	META:CTP		PCDQPRRSZKQHHS-XVFCMESISA-J			29470;110614;110577	1286	SBO:0000247	cpd00052		6176	ctp	MNXM63	C00063	HMDB00082	CHEBI:17677	ctp		MAM01623c
98	cys__L_c	META:CYS	650babc9-9d68-4b73-9332-11972ca26f7b/compound/1271bedc-d0c8-4aa1-83dc-571304dd14a8;650babc9-9d68-4b73-9332-11972ca26f7b/compound/02361658-c991-436f-ba62-fafbccfdae5e	XUJNEKJLAYXESH-REOHCLBHSA-N	D00026		352016;379721;111707;5668576	2142;78	SBO:0000247	cpd00084;cpd00547		5862	cys_L	MNXM55	C00097	HMDB0000574	CHEBI:17561	cys__L		MAM01628c
99	cys__L_e	META:CYS	650babc9-9d68-4b73-9332-11972ca26f7b/compound/1271bedc-d0c8-4aa1-83dc-571304dd14a8;650babc9-9d68-4b73-9332-11972ca26f7b/compound/02361658-c991-436f-ba62-fafbccfdae5e	XUJNEKJLAYXESH-REOHCLBHSA-N	D00026		352016;379721;111707;5668576	2142;78	SBO:0000247	cpd00084;cpd00547		5862	cys_L	MNXM55	C00097	HMDB0000574	CHEBI:17561	cys__L		MAM01628e
100	dag_hs_16_0_16_0_c								SBO:0000247					MNXM145894				dag_hs_16_0_16_0		
101	dag_hs_16_0_18_9Z12Z_c								SBO:0000247					MNXM145895				dag_hs_16_0_18_2		
102	dag_hs_16_0_18_9Z_c								SBO:0000247					MNXM145898				dag_hs_16_0_18_1		
103	dag_hs_18_9Z12Z_16_0_c								SBO:0000247					MNXM146268				dag_hs_18_2_16_0		
104	dag_hs_18_9Z12Z_18_9Z_c								SBO:0000247					MNXM146269				dag_hs_18_2_18_1		
105	dag_hs_18_9Z_18_9Z12Z_c								SBO:0000247					MNXM145897				dag_hs_18_1_18_2		
106	dag_hs_18_9Z_18_9Z_c								SBO:0000247					MNXM145896				dag_hs_18_1_18_1		
107	dhap_c	META:DIHYDROXY-ACETONE-PHOSPHATE		GNGACRATGGDKBX-UHFFFAOYSA-L			390404;75970;188451	28	SBO:0000247	cpd00095		668	dhap	MNXM77	C00111	HMDB11735;HMDB01473	CHEBI:16108	dhap		MAM01690c
108	dhdascb__L_c	META:L-DEHYDRO-ASCORBATE		OESHPIGALOBJLM-REOHCLBHSA-N			198827;198852;351599	7897;5086	SBO:0000247	cpd00335		210328	dhdascb	MNXM250	C00425	HMDB0001264	CHEBI:17242	dhdascb		MAM01655c
109	dhdascb__L_e	META:L-DEHYDRO-ASCORBATE		OESHPIGALOBJLM-REOHCLBHSA-N			198827;198852;351599	7897;5086	SBO:0000247	cpd00335		210328	dhdascb	MNXM250	C00425	HMDB0001264	CHEBI:17242	dhdascb		MAM01655e
110	dhmtp_c	META:CPD-85		CILXJJLQPTUUSS-XQRVVYSFSA-N			1237155		SBO:0000247	cpd11255			M00245;dhmtp	MNXM494	C15606	HMDB12134	CHEBI:49252	dhmtp		MAM00245c
111	dkmpp_c	META:CPD-8999		HKEAOVFNWRDVAJ-UHFFFAOYSA-L			1237176		SBO:0000247	cpd11295		561	dkmpp	MNXM162358	C15650	HMDB62750;HMDB59620;HMDB60266	CHEBI:50604	dkmpp		MAM00572c
112	dnad_c	META:DEAMIDO-NAD		SENPVEZBRZQVST-HISDBWNOSA-L			8938090;200499;197256	1349	SBO:0000247	cpd00638		165491	dnad	MNXM309	C00857	HMDB01179	CHEBI:18304	dnad		MAM01646c
113	dpam__L_c	META:DOPAMINE	650babc9-9d68-4b73-9332-11972ca26f7b/compound/47cc810c-1f1f-4351-82ca-b97abf5dc03c	VYFYYTLLBUKUHU-UHFFFAOYSA-O	D07870		351601;380873;159362	20037;6836	SBO:0000247	cpd02357		681	dopa	MNXM205	C03758	HMDB0000073	CHEBI:18243	dopa		MAM01736c
114	dpam__L_e	META:DOPAMINE	650babc9-9d68-4b73-9332-11972ca26f7b/compound/47cc810c-1f1f-4351-82ca-b97abf5dc03c	VYFYYTLLBUKUHU-UHFFFAOYSA-O	D07870		351601;380873;159362	20037;6836	SBO:0000247	cpd02357		681	dopa	MNXM205	C03758	HMDB0000073	CHEBI:18243	dopa		MAM01736e
115	e4p_c	META:ERYTHROSE-4P		NGHMDNPXVRFFGS-IUYQGCFVSA-L			29878	1324	SBO:0000247	cpd00236		122357	e4p	MNXM258	C00279	HMDB01321	CHEBI:48153	e4p		MAM01785c
116	etha_c	META:ETHANOL-AMINE	650babc9-9d68-4b73-9332-11972ca26f7b/compound/66a5817c-409d-4b53-87ea-bb9edd311dc5;32de3cf4-e3e6-4168-956e-32fa5ddb0ce1/compound/9cee8877-412f-4ce0-a56d-b7c5de20969e	HZAXFHJVJLSVMW-UHFFFAOYSA-O	D05074			1965	SBO:0000247	cpd00162		700	etha	MNXM218	C00189	HMDB0000149	CHEBI:16000	etha		MAM01797c
117	etha_e	META:ETHANOL-AMINE	650babc9-9d68-4b73-9332-11972ca26f7b/compound/66a5817c-409d-4b53-87ea-bb9edd311dc5;32de3cf4-e3e6-4168-956e-32fa5ddb0ce1/compound/9cee8877-412f-4ce0-a56d-b7c5de20969e	HZAXFHJVJLSVMW-UHFFFAOYSA-O	D05074			1965	SBO:0000247	cpd00162		700	etha	MNXM218	C00189	HMDB0000149	CHEBI:16000	etha		MAM01797e
118	ethamp_c	META:PHOSPHORYL-ETHANOLAMINE		SUHOOTKUPISOBE-UHFFFAOYSA-M			5696414;428686	2025	SBO:0000247	cpd00285		1015	ethamp	MNXM187	C00346	HMDB0000224	CHEBI:17553	ethamp		MAM01798c
119	f26bp_c	META:CPD-535		YXWOAJXNVLXPMU-ZXXMMSQZSA-J			30533	1456;1368	SBO:0000247	cpd00503		105021	f26bp	MNXM651	C00665	HMDB01047	CHEBI:28602	f26bp		MAM01843c
120	f6p_c	META:FRUCTOSE-6P		BGWGXPAPYGQALX-ARQDHWQXSA-L				25	SBO:0000247	cpd19035		69507	f6p	MNXM162235;MNXM89621	C00085	HMDB03971	CHEBI:15946	f6p		MAM01845c
121	fad_c	META:FAD		IMGVNJNCCGXBHD-UYBVJOGSSA-K	D00005		113596;29386;113597	1270	SBO:0000247	cpd00015		643975	fad	MNXM33	C00016	HMDB0001248	CHEBI:16238	fad		MAM01802c
122	fdp_c			RNBGYGVWRKECFJ-VRPWFDPXSA-J				1465	SBO:0000247	cpd00290		172313	fdp	MNXM417	C00354		CHEBI:16905	fdp		MAM01841c
123	fe2_c	META:FE+2		CWYNVVGOOAEACU-UHFFFAOYSA-N				1275	SBO:0000247	cpd10515		27284	fe2	MNXM111	C14818	HMDB0000692	CHEBI:29033	fe2		MAM01821c
124	fe2_e	META:FE+2		CWYNVVGOOAEACU-UHFFFAOYSA-N				1275	SBO:0000247	cpd10515		27284	fe2	MNXM111	C14818	HMDB0000692	CHEBI:29033	fe2		MAM01821e
125	fmn_c	META:FMN		ANKZYBDXHMZBDK-SCRDCRAPSA-K			73524	1673	SBO:0000247	cpd00050		643976	fmn	MNXM119	C00061	HMDB0001520	CHEBI:17621	fmn		MAM01828c
126	for_c	META:CPD1G-1532;META:CPD1G-1535;META:FORMATE;META:CPD-9845;META:CPD1G-1534;META:CARBOXYL-GROUP;META:CPD1G-1533	650babc9-9d68-4b73-9332-11972ca26f7b/compound/9a9d20ae-b6ec-40a9-93ca-1de20597b1ed;32de3cf4-e3e6-4168-956e-32fa5ddb0ce1/compound/09c1ad08-016e-4477-8840-b97a031eae23;4fd7f3e0-dd25-43ac-9453-dda3e52396e4/compound/bf16ab32-cb3c-4427-a65a-089ab754823e;5882df9c-dae1-4d80-a40e-db4724271456/compound/34fe3cd9-9b0b-46b0-a1c5-8a66509f1919;650babc9-9d68-4b73-9332-11972ca26f7b/compound/1d077cf2-3f9f-4163-aa49-0fca1b2b3ab3	BDAGIHXWWSANSR-UHFFFAOYSA-M			29460;194712;389585;6801451	1285	SBO:0000247	cpd00047;cpd22511		284	for	MNXM39	C00058	HMDB0000142	CHEBI:30751	for	LMFA01010040	MAM01833c
127	fru_c	META:D-Fructopyranose;META:Fructofuranose;META:CPD-15382;META:FRU		RFSUNEUAIZKAJO-VRPWFDPXSA-N	D00114		189049;29532	25055;1463;1464	SBO:0000247	cpd00082;cpd19015;cpd27040		439709	fru	MNXM175	C02336	HMDB0000660	CHEBI:28645	fru		MAM01840c
128	fru_e	META:D-Fructopyranose;META:Fructofuranose;META:CPD-15382;META:FRU		RFSUNEUAIZKAJO-VRPWFDPXSA-N	D00114		189049;29532	25055;1463;1464	SBO:0000247	cpd00082;cpd19015;cpd27040		439709	fru	MNXM175	C02336	HMDB0000660	CHEBI:28645	fru		MAM01840e
129	fum_c	META:FUM	32de3cf4-e3e6-4168-956e-32fa5ddb0ce1/compound/709035ec-4868-4de8-9095-06428f6be14b	VZCYOOQTPOCHFL-OWOJBTEDSA-L	D02308		113588;29586	1910	SBO:0000247	cpd00106		444972	fum	MNXM93	C00122	HMDB0000134	CHEBI:18012	fum		MAM01862c
130	fum_e	META:FUM	32de3cf4-e3e6-4168-956e-32fa5ddb0ce1/compound/709035ec-4868-4de8-9095-06428f6be14b	VZCYOOQTPOCHFL-OWOJBTEDSA-L	D02308		113588;29586	1910	SBO:0000247	cpd00106		444972	fum	MNXM93	C00122	HMDB0000134	CHEBI:18012	fum		MAM01862e
131	g1p_c	META:D-glucose-1-phosphates;META:GLC-1-P		HXXFSFRBOHSIMQ-GASJEMHNSA-L			29548	1450;23742;1298	SBO:0000247	cpd00089;cpd28817		65533	g1p	MNXM89588	C00103	HMDB01586;HMDB01306	CHEBI:16077	g1p		MAM01967c
132	g3p_c	META:GAP		LXJXRIRHZLFYRP-VKHMYHEASA-L			29578	27;1687	SBO:0000247	cpd00102;cpd19005		729	g3p	MNXM74	C00118	HMDB01112	CHEBI:29052	g3p		MAM01939c
133	g3pc_c	META:L-1-GLYCERO-PHOSPHORYLCHOLINE		SUHOQUVVVLNYQR-MRVPVSSYSA-N	D07349		1498750	5173	SBO:0000247	cpd00507		71920	g3pc	MNXM367	C00670	HMDB0000086	CHEBI:16870	g3pc		MAM02912c
134	g6p_c	META:D-glucopyranose-6-phosphate		NBSCHQHZLSJFNQ-GASJEMHNSA-L			1629756	1404;1405	SBO:0000247	cpd00079;cpd26836		5958	g6p	MNXM160	C00092	HMDB01549;HMDB01401;HMDB06793	CHEBI:4170	g6p		MAM01968c
135	gal1p_c	META:GALACTOSE-1P		HXXFSFRBOHSIMQ-FPRJBGLDSA-L			30170	1381;24789;1495	SBO:0000247	cpd19025;cpd00348		123912	gal1p	MNXM336	C00446	HMDB00645;HMDB62705;HMDB03359	CHEBI:17973	gal1p		MAM01322c
136	gal_c	META:ALPHA-D-GALACTOSE;META:D-galactopyranose		WQZGKKKJIJFFOK-PHYPRBDBSA-N	D04291			1661;90;1662	SBO:0000247	cpd00724;cpd00108		439357	gal	MNXM112;MNXM390	C00984	HMDB0000143	CHEBI:28061	gal		MAM01910c
137	gal_e	META:ALPHA-D-GALACTOSE;META:D-galactopyranose		WQZGKKKJIJFFOK-PHYPRBDBSA-N	D04291			1661;90;1662	SBO:0000247	cpd00724;cpd00108		439357	gal	MNXM112;MNXM390	C00984	HMDB0000143	CHEBI:28061	gal		MAM01910e
138	galt_c	META:GALACTITOL		FBPFZTCFMRRESA-GUCUJZIJSA-N				2311	SBO:0000247	cpd01171		11850	galt	MNXM1233	C01697	HMDB0000107	CHEBI:16813	galt		MAM01909c
139	gam6p_c	META:D-GLUCOSAMINE-6-P		XHMJOUIAFHJHBW-IVMDWMLBSA-M				1372	SBO:0000247	cpd00288		121988	gam6p	MNXM370	C00352		CHEBI:15873	gam6p		MAM01963c
140	gam_c	META:GLUCOSAMINE		MSWZFWKMSRAUBD-IVMDWMLBSA-O	D04334		6786660	1591;1592	SBO:0000247	cpd01247;cpd00276;cpd27103		439213	gam	MNXM533	C00329	HMDB0001514	CHEBI:5417	gam		MAM01962c
141	gam_e	META:GLUCOSAMINE		MSWZFWKMSRAUBD-IVMDWMLBSA-O	D04334		6786660	1591;1592	SBO:0000247	cpd01247;cpd00276;cpd27103		439213	gam	MNXM533	C00329	HMDB0001514	CHEBI:5417	gam		MAM01962e
142	gdp_c	META:GDP		QGWNDRXFNXRZMB-UUOKFMHZSA-K		G10620	113525;29420;205689;111349	1280	SBO:0000247	cpd00031		8977	gdp	MNXM30	C00035	HMDB0001201	CHEBI:17552	gdp		MAM01948c
143	gglucys__L_c	META:L-GAMMA-GLUTAMYLCYSTEINE		RITKHVBHSGLULN-WHFBIAKZSA-M			174393	5172	SBO:0000247	cpd00506		123938	glucys	MNXM412	C00669	HMDB0001049	CHEBI:17515	glucys		MAM01927c
144	glc__D_c	META:Glucopyranose		WQZGKKKJIJFFOK-GASJEMHNSA-N	D00009			1406;1407	SBO:0000247	cpd26821;cpd00027		5793	glc_D	MNXM41;MNXM99	C00031	HMDB0000122	CHEBI:4167	glc__D		MAM01965c
145	glc__D_e	META:Glucopyranose		WQZGKKKJIJFFOK-GASJEMHNSA-N	D00009			1406;1407	SBO:0000247	cpd26821;cpd00027		5793	glc_D	MNXM41;MNXM99	C00031	HMDB0000122	CHEBI:4167	glc__D		MAM01965e
146	glcur_c	META:D-Glucopyranuronate		AEMOLEFTQBMNLQ-AQKNRBDQSA-M				26257	SBO:0000247	cpd00164		444791	glcur	MNXM241	C00191	HMDB0000127	CHEBI:42717	glcur		MAM01973c
147	gln__L_c	META:GLN		ZDXPYRJPNDTMRX-VKHMYHEASA-N	D00015		113522;212615;29472	2011;74	SBO:0000247	cpd00253;cpd00053		5961	gln_L	MNXM37	C00064	HMDB0000641	CHEBI:18050	gln__L		MAM01975c
148	gln__L_e	META:GLN		ZDXPYRJPNDTMRX-VKHMYHEASA-N	D00015		113522;212615;29472	2011;74	SBO:0000247	cpd00253;cpd00053		5961	gln_L	MNXM37	C00064	HMDB0000641	CHEBI:18050	gln__L		MAM01975e
149	glu__L_c	META:Glutamates;META:GLT		WHUUTDBJXJRKMK-VKHMYHEASA-M	D00007;D04341		428614;29404;113552;210382	73;2010	SBO:0000247	cpd27177;cpd00023;cpd19002		33032	glu_L	MNXM89557	C00025	HMDB0000148	CHEBI:16015	glu__L		MAM01974c
150	gluala_e			WQXXXVRAFAKQJM-WHFBIAKZSA-M				21275	SBO:0000247	cpd15236		440103	gluala	MNXM59390		HMDB0006248	CHEBI:50619	gluala		MAM00097e
151	gly_c	META:GLY	32de3cf4-e3e6-4168-956e-32fa5ddb0ce1/compound/19441357-44af-48e1-b5ac-0e48c8dcbb87;650babc9-9d68-4b73-9332-11972ca26f7b/compound/870d7ca5-6659-40eb-8b5d-858bd29cddaa	DHMQDGOQFOQNFH-UHFFFAOYSA-N	D00011		29424;193446;113545;159549;266029	66	SBO:0000247	cpd00033		750	gly	MNXM29	C00037	HMDB0000123	CHEBI:15428	gly		MAM01986c
152	gly_e	META:GLY	32de3cf4-e3e6-4168-956e-32fa5ddb0ce1/compound/19441357-44af-48e1-b5ac-0e48c8dcbb87;650babc9-9d68-4b73-9332-11972ca26f7b/compound/870d7ca5-6659-40eb-8b5d-858bd29cddaa	DHMQDGOQFOQNFH-UHFFFAOYSA-N	D00011		29424;193446;113545;159549;266029	66	SBO:0000247	cpd00033		750	gly	MNXM29	C00037	HMDB0000123	CHEBI:15428	gly		MAM01986e
153	glyc3p_c	META:GLYCEROL-3P		AWUCVROLDVIAJX-GSVOUGTGSA-L			188458;76114	1296	SBO:0000247	cpd00080		439162	glyc3p	MNXM66	C00093	HMDB02722;HMDB00126	CHEBI:15978	glyc3p		MAM02914c
154	glyc_c	META:GLYCEROL	32de3cf4-e3e6-4168-956e-32fa5ddb0ce1/compound/48edd8a9-6a4a-4900-b0cf-97b1ccaa1125;650babc9-9d68-4b73-9332-11972ca26f7b/compound/2e8c8093-3269-46b3-be2e-f1df9fdde25c	PEDCQBHIVMGVHV-UHFFFAOYSA-N	D00028		192438;76116	1303	SBO:0000247	cpd00100		753	glyc	MNXM89612	C00116	HMDB0000131	CHEBI:17522	glyc		MAM01983c
155	glyc_e	META:GLYCEROL	32de3cf4-e3e6-4168-956e-32fa5ddb0ce1/compound/48edd8a9-6a4a-4900-b0cf-97b1ccaa1125;650babc9-9d68-4b73-9332-11972ca26f7b/compound/2e8c8093-3269-46b3-be2e-f1df9fdde25c	PEDCQBHIVMGVHV-UHFFFAOYSA-N	D00028		192438;76116	1303	SBO:0000247	cpd00100		753	glyc	MNXM89612	C00116	HMDB0000131	CHEBI:17522	glyc		MAM01983e
156	gmp_c	META:GMP		RQFCJASXJCIDSX-UUOKFMHZSA-L				1309	SBO:0000247	cpd00126		6804	gmp	MNXM113	C00144	HMDB01397	CHEBI:17345	gmp		MAM02016c
157	gsn_c	META:GUANOSINE		NYHBQMYGNKIUIF-UUOKFMHZSA-N				1872	SBO:0000247	cpd00311		6802	gsn	MNXM401	C00387	HMDB0000133	CHEBI:16750	gsn		MAM02038c
158	gthox_c	META:OXIDIZED-GLUTATHIONE		YPZRWBKMTBYPTK-BJDJZHNGSA-L	D00031		1655882;111745;3341331	1939	SBO:0000247	cpd00111		975	gthox	MNXM151	C00127	HMDB0003337	CHEBI:17858	gthox		MAM02027c
159	gthox_e	META:OXIDIZED-GLUTATHIONE		YPZRWBKMTBYPTK-BJDJZHNGSA-L	D00031		1655882;111745;3341331	1939	SBO:0000247	cpd00111		975	gthox	MNXM151	C00127	HMDB0003337	CHEBI:17858	gthox		MAM02027e
160	gthrd_c	META:GLUTATHIONE		RWSXRVCMGQZWBV-WDSKDSINSA-M	D00014		1247892;1500783;1655887;29450;158543	1926	SBO:0000247	cpd00042		124886	gthrd	MNXM57	C00051	HMDB0000125	CHEBI:16856	gthrd		MAM02026c
161	gtp_c	META:GTP		XKMLYUALXHKNFT-UUOKFMHZSA-J			113573;29438	1282	SBO:0000247	cpd00038		6830	gtp	MNXM51	C00044	HMDB0001273	CHEBI:15996	gtp		MAM02034c
162	gua_c	META:GUANINE	650babc9-9d68-4b73-9332-11972ca26f7b/compound/b5208daa-3750-4745-b4ed-179fb9d4fcfd	UYTPUPDQBNUYGX-UHFFFAOYSA-N			83956	59	SBO:0000247	cpd00207		764	gua	MNXM259	C00242	HMDB0000132	CHEBI:16235	gua		MAM02037c
163	guln__L_c	META:L-GULONATE		RGHNJXZEOKUKBD-QTBDOELSSA-M			5661268	2159;26258	SBO:0000247	cpd00594		152304	guln	MNXM1927	C00800	HMDB0003290	CHEBI:16154	guln__L		MAM02378c
164	h2o2_c	META:HYDROGEN-PEROXIDE		MHAJPDPJQMAIIY-UHFFFAOYSA-N	D00008		1614617;29408;351629;189481;113575	1909	SBO:0000247	cpd00025		784	h2o2	MNXM22	C00027	HMDB0003125	CHEBI:16240	h2o2		MAM02041c
165	h2o2_e	META:HYDROGEN-PEROXIDE		MHAJPDPJQMAIIY-UHFFFAOYSA-N	D00008		1614617;29408;351629;189481;113575	1909	SBO:0000247	cpd00025		784	h2o2	MNXM22	C00027	HMDB0003125	CHEBI:16240	h2o2		MAM02041e
166	h2o_c	META:CPD-15815;META:OXONIUM;META:HYDROXYL-GROUP;META:WATER;META:OH	650babc9-9d68-4b73-9332-11972ca26f7b/compound/799908db-b8c9-4982-86cb-1f225e2ad08c;650babc9-9d68-4b73-9332-11972ca26f7b/compound/e7f34a8e-cded-4793-b6d5-792335b38636;5882df9c-dae1-4d80-a40e-db4724271456/compound/969d0227-3069-4e44-9525-7ae7bad84170	XLYOFNOQVPJJNP-UHFFFAOYSA-N	D00001;D06322		113521;141343;2022884;5278291;29356;189422;5668574;5693747;109276;113519;1605715;8851517;113518;351603	40	SBO:0000247	cpd27222;cpd00001;cpd15275		962	h2o	MNXM2	C00001	HMDB0002111	CHEBI:15377	h2o	LMST01040128	MAM02040c
167	h2o_e	META:CPD-15815;META:OXONIUM;META:HYDROXYL-GROUP;META:WATER;META:OH	650babc9-9d68-4b73-9332-11972ca26f7b/compound/799908db-b8c9-4982-86cb-1f225e2ad08c;650babc9-9d68-4b73-9332-11972ca26f7b/compound/e7f34a8e-cded-4793-b6d5-792335b38636;5882df9c-dae1-4d80-a40e-db4724271456/compound/969d0227-3069-4e44-9525-7ae7bad84170	XLYOFNOQVPJJNP-UHFFFAOYSA-N	D00001;D06322		113521;141343;2022884;5278291;29356;189422;5668574;5693747;109276;113519;1605715;8851517;113518;351603	40	SBO:0000247	cpd27222;cpd00001;cpd15275		962	h2o	MNXM2	C00001	HMDB0002111	CHEBI:15377	h2o	LMST01040128	MAM02040e
168	h_c	META:PROTON		GPRLSGONYQIRFK-UHFFFAOYSA-N			2000349;425978;74722;428040;427899;428548;156540;70106;425969;1132304;5668577;1470067;163953;193465;113529;351626;425999;194688;374900;2872447;372511	39	SBO:0000247	cpd00067		1038	h	MNXM1	C00080	HMDB59597	CHEBI:24636	h		MAM02039c
169	h_e	META:PROTON		GPRLSGONYQIRFK-UHFFFAOYSA-N			2000349;425978;74722;428040;427899;428548;156540;70106;425969;1132304;5668577;1470067;163953;193465;113529;351626;425999;194688;374900;2872447;372511	39	SBO:0000247	cpd00067		1038	h	MNXM1	C00080	HMDB59597	CHEBI:24636	h		MAM02039e
170	hco3_c	META:CO3;META:H2CO3;META:HCO3	4fd7f3e0-dd25-43ac-9453-dda3e52396e4/compound/c78c72b7-2f2b-4dde-9f3d-80bb61a1da3e;650babc9-9d68-4b73-9332-11972ca26f7b/compound/34be09c7-8615-4ee1-806a-6a93ae28d922	BVKZGUZCCUSVTD-UHFFFAOYSA-M			29896;425425;111627	1916;2275	SBO:0000247	cpd00242		769	hco3	MNXM60	C00288	HMDB0000595	CHEBI:17544	hco3		MAM02046c
171	hco3_e	META:CO3;META:H2CO3;META:HCO3	4fd7f3e0-dd25-43ac-9453-dda3e52396e4/compound/c78c72b7-2f2b-4dde-9f3d-80bb61a1da3e;650babc9-9d68-4b73-9332-11972ca26f7b/compound/34be09c7-8615-4ee1-806a-6a93ae28d922	BVKZGUZCCUSVTD-UHFFFAOYSA-M			29896;425425;111627	1916;2275	SBO:0000247	cpd00242		769	hco3	MNXM60	C00288	HMDB0000595	CHEBI:17544	hco3		MAM02046e
172	hcys__L_c	META:HOMO-CYS		FFFHZYDWPBMWHY-UHFFFAOYSA-N			174369	1950;2768	SBO:0000247	cpd19034;cpd00135		778	hcys_L	MNXM123	C00155	HMDB0000742	CHEBI:17230	hcys__L		MAM02133c
173	hcys__L_e	META:HOMO-CYS		FFFHZYDWPBMWHY-UHFFFAOYSA-N			174369	1950;2768	SBO:0000247	cpd19034;cpd00135		778	hcys_L	MNXM123	C00155	HMDB0000742	CHEBI:17230	hcys__L		MAM02133e
174	hmbil_c	META:HYDROXYMETHYLBILANE		WDFJYRZCZIUBPR-UHFFFAOYSA-F			189449	5362	SBO:0000247	cpd00755		788	hmbil	MNXM547	C01024	HMDB01137	CHEBI:16645	hmbil		MAM02151c
175	hxan_c	META:HYPOXANTHINE		FDGQSTZJBFJUBT-UHFFFAOYSA-N			113599	5528;1321	SBO:0000247	cpd00226		790	hxan	MNXM213	C00262	HMDB0000157	CHEBI:17368	hxan		MAM02159c
176	hxan_e	META:HYPOXANTHINE		FDGQSTZJBFJUBT-UHFFFAOYSA-N			113599	5528;1321	SBO:0000247	cpd00226		790	hxan	MNXM213	C00262	HMDB0000157	CHEBI:17368	hxan		MAM02159e
177	icit_c			ODBLHEXUDAPZAU-UHFFFAOYSA-K				2013	SBO:0000247	cpd00260		1198	icit	MNXM162;MNXM89661	C00311	HMDB0000193	CHEBI:30887	icit		MAM02183c
178	imp_c	META:IMP		GRSZFWQUAKGDAV-KQYNXXCUSA-L			2509792;29602	1306	SBO:0000247	cpd00114		8582	imp	MNXM125	C00130	HMDB0000175	CHEBI:17202	imp		MAM02167c
179	inost_c	META:CPD-8052;META:MYO-INOSITOL		CDAISMWEOUEBRE-GPIVLXJGSA-N	D08079		426910;429130	5010;25454	SBO:0000247	cpd21131;cpd00121		892	inost	MNXM127	C00137	HMDB0000211	CHEBI:17268	inost		MAM02171c
180	ins_c	META:INOSINE		UGQMRVRMYYASKQ-KQYNXXCUSA-N	D00054		83927;83921	1868	SBO:0000247	cpd00246		6021	ins	MNXM334	C00294	HMDB0000195	CHEBI:17596	ins		MAM02170c
181	ins_e	META:INOSINE		UGQMRVRMYYASKQ-KQYNXXCUSA-N	D00054		83927;83921	1868	SBO:0000247	cpd00246		6021	ins	MNXM334	C00294	HMDB0000195	CHEBI:17596	ins		MAM02170e
182	k_c	META:K+		NPYPAHLBTDXSSS-UHFFFAOYSA-N	D08403		74126;5626313;29804	21	SBO:0000247	cpd00205		813	k	MNXM95	C00238	HMDB0000586	CHEBI:26216	k		MAM02200c
183	k_e	META:K+		NPYPAHLBTDXSSS-UHFFFAOYSA-N	D08403		74126;5626313;29804	21	SBO:0000247	cpd00205		813	k	MNXM95	C00238	HMDB0000586	CHEBI:26216	k		MAM02200e
184	lac__D_c	META:D-LACTATE		JVTAAEKCZFNVCJ-UWTATZPHSA-M				1997;2284	SBO:0000247	cpd00221		61503	lac_D	MNXM285	C00256	HMDB01311;HMDB00171	CHEBI:42111	lac__D		MAM01716c
185	lac__D_e	META:D-LACTATE		JVTAAEKCZFNVCJ-UWTATZPHSA-M				1997;2284	SBO:0000247	cpd00221		61503	lac_D	MNXM285	C00256	HMDB01311;HMDB00171	CHEBI:42111	lac__D		MAM01716e
186	lac__L_c	META:L-LACTATE		JVTAAEKCZFNVCJ-REOHCLBHSA-M			373863;29708;6807616	1312	SBO:0000247	cpd00159		107689	lac_L	MNXM179;MNXM3041	C00186	HMDB0000190	CHEBI:422	lac__L		MAM02403c
187	lac__L_e	META:L-LACTATE		JVTAAEKCZFNVCJ-REOHCLBHSA-M			373863;29708;6807616	1312	SBO:0000247	cpd00159		107689	lac_L	MNXM179;MNXM3041	C00186	HMDB0000190	CHEBI:422	lac__L		MAM02403e
188	leuktrA4_c	META:CPD-8892		UFPQIRYSPUYQHK-WAQVJNLQSA-M			265281	5309	SBO:0000247	cpd00675	000000970	5280383	leuktrA4	MNXM462	C00909	HMDB0001337	CHEBI:15651	leuktrA4	LMFA03020023	MAM02362c
189	leuktrA4_e	META:CPD-8892		UFPQIRYSPUYQHK-WAQVJNLQSA-M			265281	5309	SBO:0000247	cpd00675	000000970	5280383	leuktrA4	MNXM462	C00909	HMDB0001337	CHEBI:15651	leuktrA4	LMFA03020023	MAM02362e
190	leuktrB4_c								SBO:0000247			5280492	leuktrB4	MNXM162284;MNXM637	C02165	HMDB0001085	CHEBI:15647	leuktrB4	LMFA03020001	MAM02364c
191	leuktrB4_e								SBO:0000247			5280492	leuktrB4	MNXM162284;MNXM637	C02165	HMDB0001085	CHEBI:15647	leuktrB4	LMFA03020001	MAM02364e
192	lpa_hs_16_0_c								SBO:0000247					MNXM147139				alpa_hs_16_0		
193	lpa_hs_18_9Z12Z_c								SBO:0000247					MNXM147503				alpa_hs_18_2		
194	lpa_hs_18_9Z_c								SBO:0000247					MNXM147502				alpa_hs_18_1		
195	lpc_hs_16_0_c								SBO:0000247					MNXM146409				lpchol_hs_16_0		
196	lpc_hs_18_9Z12Z_c								SBO:0000247					MNXM146584				lpchol_hs_18_2		
197	lpc_hs_18_9Z_c								SBO:0000247					MNXM147137				lpchol_hs_18_1		
198	mal__L_c	META:MAL		BJEPYKJPYRNKOW-REOHCLBHSA-L			198498;113544	1918	SBO:0000247	cpd00130		222656	mal_L	MNXM98	C00149	HMDB0000156	CHEBI:30797	mal__L		MAM02439c
199	mal__L_e	META:MAL		BJEPYKJPYRNKOW-REOHCLBHSA-L			198498;113544	1918	SBO:0000247	cpd00130		222656	mal_L	MNXM98	C00149	HMDB0000156	CHEBI:30797	mal__L		MAM02439e
200	man1p_c	META:MANNOSE-1P		HXXFSFRBOHSIMQ-RWOPYEJCSA-L			532531	1342	SBO:0000247	cpd00485		644175	man1p	MNXM721	C00636	HMDB0006330	CHEBI:35374	man1p		MAM02454c
201	man6p_c	META:Mannose-6-phosphate;META:CPD-15980;META:CPD-15979		NBSCHQHZLSJFNQ-QTVWNMPRSA-L			532562	1323;24709	SBO:0000247	cpd00235		65127	man6p	MNXM427	C00275		CHEBI:17369	man6p		MAM02455c
202	man_c	META:D-mannopyranose	32de3cf4-e3e6-4168-956e-32fa5ddb0ce1/compound/c5f931e8-e7f7-4b73-bed6-48662796fe18	WQZGKKKJIJFFOK-QTVWNMPRSA-N			964752;6799594;429579	1656	SBO:0000247	cpd00138;cpd27437		18950	man	MNXM182	C00159	HMDB0000169	CHEBI:4208	man		MAM02453c
203	man_e	META:D-mannopyranose	32de3cf4-e3e6-4168-956e-32fa5ddb0ce1/compound/c5f931e8-e7f7-4b73-bed6-48662796fe18	WQZGKKKJIJFFOK-QTVWNMPRSA-N			964752;6799594;429579	1656	SBO:0000247	cpd00138;cpd27437		18950	man	MNXM182	C00159	HMDB0000169	CHEBI:4208	man		MAM02453e
204	mepi__L_c								SBO:0000247			21100	mepi	MNXM3659;MNXM91238	C05588	HMDB0004063	CHEBI:144365	mepi		MAM02407c
205	mepi__L_e								SBO:0000247			21100	mepi	MNXM3659;MNXM91238	C05588	HMDB0004063	CHEBI:144365	mepi		MAM02407e
206	met__L_c	META:MET	32de3cf4-e3e6-4168-956e-32fa5ddb0ce1/compound/44a61812-39ff-48f9-bf09-8398e8723d5e	FFEARJCKVFRZRR-BYPYZUCNSA-N	D04984;D04983;D00019		379705;1130765;174390	77;2315	SBO:0000247	cpd00060;cpd30746		6137	met_L	MNXM61	C00073	HMDB0000696	CHEBI:16643	met__L		MAM02471c
207	met__L_e	META:MET	32de3cf4-e3e6-4168-956e-32fa5ddb0ce1/compound/44a61812-39ff-48f9-bf09-8398e8723d5e	FFEARJCKVFRZRR-BYPYZUCNSA-N	D04984;D04983;D00019		379705;1130765;174390	77;2315	SBO:0000247	cpd00060;cpd30746		6137	met_L	MNXM61	C00073	HMDB0000696	CHEBI:16643	met__L		MAM02471e
208	mi1345p_c								SBO:0000247			107758	mi1345p	MNXM146054;MNXM624	C01272	HMDB0001059	CHEBI:16783	mi1345p		MAM00522c
209	mi134p_c								SBO:0000247			439455	mi134p	MNXM162765;MNXM532	C01243		CHEBI:18228	mi134p		MAM00524c
210	mi145p_c								SBO:0000247			439456	mi145p	MNXM145560;MNXM200	C01245		CHEBI:16595	mi145p		MAM01718c
211	mi14p_c								SBO:0000247				mi14p	MNXM1354;MNXM162282	C01220		CHEBI:17816	mi14p		MAM00526c
212	mi1p__D_c	META:D-MYO-INOSITOL-1-MONOPHOSPHATE		INAPMGSXUVUWAF-UOTPTPDRSA-L			870330	5422	SBO:0000247	cpd00867			mi1p_D	MNXM646	C01177		CHEBI:18297	mi1p__D		MAM02173c
213	mthgxl_c	META:METHYL-GLYOXAL	650babc9-9d68-4b73-9332-11972ca26f7b/compound/87b7fac4-f224-43ab-81f4-b95330450174	AIJULSRZWUXGPQ-UHFFFAOYSA-N			5694074	2088	SBO:0000247	cpd00428		880	mthgxl	MNXM310	C00546	HMDB01167	CHEBI:17158	mthgxl		MAM02475c
214	na1_c	META:NA+		FKNQFGJONOIPTF-UHFFFAOYSA-N			2892454;83910;74113;425977;425971;2872443;425958	22	SBO:0000247	cpd00971		923	na1	MNXM27	C01330	HMDB0000588	CHEBI:29101	na1		MAM02519c
215	na1_e	META:NA+		FKNQFGJONOIPTF-UHFFFAOYSA-N			2892454;83910;74113;425977;425971;2872443;425958	22	SBO:0000247	cpd00971		923	na1	MNXM27	C01330	HMDB0000588	CHEBI:29101	na1		MAM02519e
216	nac_c	META:NIACINE	650babc9-9d68-4b73-9332-11972ca26f7b/compound/ed8ac75f-3a91-484c-9d21-d318ef0efef6;650babc9-9d68-4b73-9332-11972ca26f7b/compound/ca85f0e1-e6b7-458b-8f88-d4ed6b580217	PVNIIMVLHYAWGP-UHFFFAOYSA-M	D00049		8869604;197230	1994	SBO:0000247	cpd00218		938	nac	MNXM274	C00253	HMDB0001488	CHEBI:15940	nac		MAM02586c
217	nac_e	META:NIACINE	650babc9-9d68-4b73-9332-11972ca26f7b/compound/ed8ac75f-3a91-484c-9d21-d318ef0efef6;650babc9-9d68-4b73-9332-11972ca26f7b/compound/ca85f0e1-e6b7-458b-8f88-d4ed6b580217	PVNIIMVLHYAWGP-UHFFFAOYSA-M	D00049		8869604;197230	1994	SBO:0000247	cpd00218		938	nac	MNXM274	C00253	HMDB0001488	CHEBI:15940	nac		MAM02586e
218	nad_c	META:NAD		BAWFJGJZGIEFAR-NNYOXOHSSA-M	D00002		352330;192307;194653;113526;29360	37	SBO:0000247	cpd00003		5893	nad	MNXM8	C00003	HMDB0000902	CHEBI:15846	nad		MAM02552c
219	nadh_c	META:NADH		BOPGDPNILDQYTO-NNYOXOHSSA-L			192305;73473;29362;194697	38	SBO:0000247	cpd00004		928	nadh	MNXM10	C00004	HMDB0001487	CHEBI:16908	nadh		MAM02553c
220	nadp_c	META:NADP		XJLXINKUBYWONI-NNYOXOHSSA-K			194668;113563;6790191;5623650;2000348;389556;29366;351628;113564	1263	SBO:0000247	cpd00006		5886	nadp	MNXM5	C00006	HMDB0000217	CHEBI:18009	nadp		MAM02554c
221	nadph_c	META:NADPH		ACFIXJIJDZMPPO-NNYOXOHSSA-J			113600;6790135;113602;113601;2000347;351627;29364;5623644;194725	1262	SBO:0000247	cpd00005		22833512	nadph	MNXM6	C00005	HMDB0000221	CHEBI:16474	nadph		MAM02555c
222	ncam_c	META:NIACINAMIDE		DFPAKSUCGFBDDF-UHFFFAOYSA-N	D00036		197277;8870343	1949	SBO:0000247	cpd00133		936	ncam	MNXM216	C00153	HMDB01406	CHEBI:17154	ncam		MAM02583c
223	ncam_e	META:NIACINAMIDE		DFPAKSUCGFBDDF-UHFFFAOYSA-N	D00036		197277;8870343	1949	SBO:0000247	cpd00133		936	ncam	MNXM216	C00153	HMDB01406	CHEBI:17154	ncam		MAM02583e
224	nh4_c	META:AMMONIUM;META:AMMONIA	650babc9-9d68-4b73-9332-11972ca26f7b/compound/96667bd9-aeae-4e8f-89d3-100d0396af05;32de3cf4-e3e6-4168-956e-32fa5ddb0ce1/compound/41e4c903-407f-49f7-bf6b-0a94d39fa3a7;5882df9c-dae1-4d80-a40e-db4724271456/compound/27a89bdf-42f7-478f-91d8-e39881581096	QGZKDVFQNNGYKY-UHFFFAOYSA-O	D02916;D02915		5693978;1132163;29382;76230;140912;389843;2022135;31633;113561	1268;43	SBO:0000247	cpd19013;cpd00013		222	nh4	MNXM15	C01342	HMDB0000051	CHEBI:28938	nh4		MAM02579c
225	nh4_e	META:AMMONIUM;META:AMMONIA	650babc9-9d68-4b73-9332-11972ca26f7b/compound/96667bd9-aeae-4e8f-89d3-100d0396af05;32de3cf4-e3e6-4168-956e-32fa5ddb0ce1/compound/41e4c903-407f-49f7-bf6b-0a94d39fa3a7;5882df9c-dae1-4d80-a40e-db4724271456/compound/27a89bdf-42f7-478f-91d8-e39881581096	QGZKDVFQNNGYKY-UHFFFAOYSA-O	D02916;D02915		5693978;1132163;29382;76230;140912;389843;2022135;31633;113561	1268;43	SBO:0000247	cpd19013;cpd00013		222	nh4	MNXM15	C01342	HMDB0000051	CHEBI:28938	nh4		MAM02579e
226	nicrns_c	META:CPD-8259		PUEDDPCUCPRQNY-ZYUZMQFOSA-N			8869365		SBO:0000247	cpd03471		161234	nicrns	MNXM1915	C05841	HMDB06809	CHEBI:7560;CHEBI:27748;CHEBI:58527;CHEBI:61161;CHEBI:25531	nicrns		MAM02584c
227	nicrnt_c	META:NICOTINATE_NUCLEOTIDE		JOUIQRNQJGXQDC-ZYUZMQFOSA-L			200492;8938083;197220	5427	SBO:0000247	cpd00873		53477721	nicrnt	MNXM194	C01185	HMDB59646	CHEBI:15763	nicrnt		MAM02585c
228	nmn_c	META:NICOTINAMIDE_NUCLEOTIDE		DAYLJWODMCOQEW-TURQNECASA-M			8869353;549282;8940067	3871	SBO:0000247	cpd00355		14180	nmn	MNXM355	C00455	HMDB0000229	CHEBI:16171	nmn		MAM02581c
229	normete__L_c	META:CPD-11875		YNYAYWLBAHXHLL-QMMMGPOBSA-O					SBO:0000247	cpd03318		1237	normete_L	MNXM3674	C05589	HMDB0000819	CHEBI:144308	normete__L		MAM02622c
230	normete__L_e	META:CPD-11875		YNYAYWLBAHXHLL-QMMMGPOBSA-O					SBO:0000247	cpd03318		1237	normete_L	MNXM3674	C05589	HMDB0000819	CHEBI:144308	normete__L		MAM02622e
231	nrpphr__L_c	META:NOREPINEPHRINE		SFLSHLFXELFNJZ-QMMMGPOBSA-O	D00076		374935;351597;209789	2089	SBO:0000247	cpd00429		439260	nrpphr	MNXM31869	C00547	HMDB0000216	CHEBI:18357	nrpphr		MAM02617c
232	nrpphr__L_e	META:NOREPINEPHRINE		SFLSHLFXELFNJZ-QMMMGPOBSA-O	D00076		374935;351597;209789	2089	SBO:0000247	cpd00429		439260	nrpphr	MNXM31869	C00547	HMDB0000216	CHEBI:18357	nrpphr		MAM02617e
233	o2_c	META:OXYGEN-MOLECULE	5882df9c-dae1-4d80-a40e-db4724271456/compound/d5d12248-82d3-4cf3-b7d0-2e3d096768b4	MYMOFIZGZYHOMD-UHFFFAOYSA-N	D00003		113534;113535;113685;5668566;189461;113533;1131511;352327;351593;29368;1236709	1264	SBO:0000247	cpd00007		977	o2	MNXM4	C00007	HMDB0001377	CHEBI:15379	o2		MAM02630c
234	o2_e	META:OXYGEN-MOLECULE	5882df9c-dae1-4d80-a40e-db4724271456/compound/d5d12248-82d3-4cf3-b7d0-2e3d096768b4	MYMOFIZGZYHOMD-UHFFFAOYSA-N	D00003		113534;113535;113685;5668566;189461;113533;1131511;352327;351593;29368;1236709	1264	SBO:0000247	cpd00007		977	o2	MNXM4	C00007	HMDB0001377	CHEBI:15379	o2		MAM02630e
235	oaa_c	META:OXALACETIC_ACID	4fd7f3e0-dd25-43ac-9453-dda3e52396e4/compound/133a11f3-81b0-4384-837e-1ccdd0a2a645;650babc9-9d68-4b73-9332-11972ca26f7b/compound/40afaad4-431a-4e3c-b4c7-020dbe4bdd2a;32de3cf4-e3e6-4168-956e-32fa5ddb0ce1/compound/be7c543c-40bd-4698-9821-22f2e65c38f3	KHPXUQMNIQBQEV-UHFFFAOYSA-L			6810070;113587;76213	1915	SBO:0000247	cpd00032		970	oaa	MNXM46	C00036	HMDB0000223	CHEBI:30744	oaa	LMFA01170120	MAM02633c
236	orn__L_c	META:L-ORNITHINE		AHLPHDHHMVZTML-BYPYZUCNSA-O	D08302		29498;113586;113585	1290	SBO:0000247	cpd00064;cpd19016		6262	orn	MNXM89689	C00077	HMDB0000214	CHEBI:15729	orn	LMFA01100057	MAM02658c
237	orot5p_c	META:OROTIDINE-5-PHOSPHATE		KYOBSHFOBAOFBF-XVFCMESISA-K			111629	1700	SBO:0000247	cpd00810		160617	orot5p	MNXM519	C01103	HMDB00218	CHEBI:15842	orot5p		MAM02660c
238	orot_c	META:OROTATE		PXQPEWDEAKTCGB-UHFFFAOYSA-M	D00055		76632	2009	SBO:0000247	cpd00247		967	orot	MNXM235	C00295	HMDB0000226	CHEBI:16742	orot		MAM02659c
239	orot_e	META:OROTATE		PXQPEWDEAKTCGB-UHFFFAOYSA-M	D00055		76632	2009	SBO:0000247	cpd00247		967	orot	MNXM235	C00295	HMDB0000226	CHEBI:16742	orot		MAM02659e
240	pa_hs_16_0_16_0_c								SBO:0000247					MNXM146428				pa_hs_16_0_16_0		
241	pa_hs_16_0_18_9Z12Z_c								SBO:0000247					MNXM146430				pa_hs_16_0_18_2		
242	pa_hs_16_0_18_9Z_c								SBO:0000247					MNXM146429				pa_hs_16_0_18_1		
243	pa_hs_18_9Z12Z_16_0_c								SBO:0000247					MNXM147273				pa_hs_18_2_16_0		
244	pa_hs_18_9Z12Z_18_9Z_c								SBO:0000247					MNXM147274				pa_hs_18_2_18_1		
245	pa_hs_18_9Z_18_9Z12Z_c								SBO:0000247					MNXM146432				pa_hs_18_1_18_2		
246	pa_hs_18_9Z_18_9Z_c								SBO:0000247					MNXM146431				pa_hs_18_1_18_1		
247	pail45p_hs_16_0_16_0_c								SBO:0000247					MNXM146601				pail45p_hs_16_0_16_0		
248	pail45p_hs_16_0_18_9Z12Z_c								SBO:0000247					MNXM146603				pail45p_hs_16_0_18_2		
249	pail45p_hs_16_0_18_9Z_c								SBO:0000247					MNXM146602				pail45p_hs_16_0_18_1		
250	pail45p_hs_18_9Z12Z_16_0_c								SBO:0000247					MNXM147599				pail45p_hs_18_2_16_0		
251	pail45p_hs_18_9Z12Z_18_9Z_c								SBO:0000247					MNXM147600				pail45p_hs_18_2_18_1		
252	pail45p_hs_18_9Z_18_9Z12Z_c								SBO:0000247					MNXM146605				pail45p_hs_18_1_18_2		
253	pail45p_hs_18_9Z_18_9Z_c								SBO:0000247					MNXM146604				pail45p_hs_18_1_18_1		
254	pail4p_hs_16_0_16_0_c								SBO:0000247					MNXM146433				pail4p_hs_16_0_16_0		
255	pail4p_hs_16_0_18_9Z12Z_c								SBO:0000247					MNXM146435				pail4p_hs_16_0_18_2		
256	pail4p_hs_16_0_18_9Z_c								SBO:0000247					MNXM146434				pail4p_hs_16_0_18_1		
257	pail4p_hs_18_9Z12Z_16_0_c								SBO:0000247					MNXM146481				pail4p_hs_18_2_16_0		
258	pail4p_hs_18_9Z12Z_18_9Z_c								SBO:0000247					MNXM146482				pail4p_hs_18_2_18_1		
259	pail4p_hs_18_9Z_18_9Z12Z_c								SBO:0000247					MNXM146437				pail4p_hs_18_1_18_2		
260	pail4p_hs_18_9Z_18_9Z_c								SBO:0000247					MNXM146436				pail4p_hs_18_1_18_1		
261	pail_hs_16_0_16_0_c								SBO:0000247					MNXM147259				pail_hs_16_0_16_0		
262	pail_hs_16_0_18_9Z12Z_c								SBO:0000247					MNXM147261				pail_hs_16_0_18_2		
263	pail_hs_16_0_18_9Z_c								SBO:0000247					MNXM147260				pail_hs_16_0_18_1		
264	pail_hs_18_9Z12Z_16_0_c								SBO:0000247					MNXM147285				pail_hs_18_2_16_0		
265	pail_hs_18_9Z12Z_18_9Z_c								SBO:0000247					MNXM147286				pail_hs_18_2_18_1		
266	pail_hs_18_9Z_18_9Z12Z_c								SBO:0000247					MNXM147263				pail_hs_18_1_18_2		
267	pail_hs_18_9Z_18_9Z_c								SBO:0000247					MNXM147262				pail_hs_18_1_18_1		
268	pc_hs_16_0_16_0_c								SBO:0000247					MNXM147266				pchol_hs_16_0_16_0		
269	pc_hs_16_0_18_9Z12Z_c								SBO:0000247					MNXM147267				pchol_hs_16_0_18_2		
270	pc_hs_16_0_18_9Z_c								SBO:0000247					MNXM147275				pchol_hs_16_0_18_1		
271	pc_hs_18_9Z12Z_16_0_c								SBO:0000247					MNXM147595				pchol_hs_18_2_16_0		
272	pc_hs_18_9Z12Z_18_9Z_c								SBO:0000247					MNXM147596				pchol_hs_18_2_18_1		
273	pc_hs_18_9Z_18_9Z12Z_c								SBO:0000247					MNXM147269				pchol_hs_18_1_18_2		
274	pc_hs_18_9Z_18_9Z_c								SBO:0000247					MNXM147268				pchol_hs_18_1_18_1		
275	pdx5p_c	META:PYRIDOXINE-5P		WHOMFKWHIQZTHY-UHFFFAOYSA-L			964952	1684	SBO:0000247	cpd00478		1055	pdx5p	MNXM454	C00627	HMDB01319	CHEBI:28803	pdx5p		MAM02818c
276	pe_hs_16_0_16_0_c								SBO:0000247					MNXM147588				pe_hs_16_0_16_0		
277	pe_hs_16_0_18_9Z12Z_c								SBO:0000247					MNXM147590				pe_hs_16_0_18_2		
278	pe_hs_16_0_18_9Z_c								SBO:0000247					MNXM147589				pe_hs_16_0_18_1		
279	pe_hs_18_9Z12Z_16_0_c								SBO:0000247					MNXM148427				pe_hs_18_2_16_0		
280	pe_hs_18_9Z12Z_18_9Z_c								SBO:0000247					MNXM148428				pe_hs_18_2_18_1		
281	pe_hs_18_9Z_18_9Z12Z_c								SBO:0000247					MNXM147592				pe_hs_18_1_18_2		
282	pe_hs_18_9Z_18_9Z_c								SBO:0000247					MNXM147591				pe_hs_18_1_18_1		
283	pep_c	META:PHOSPHO-ENOL-PYRUVATE		DTBNBXWJWCWCIK-UHFFFAOYSA-K			372364;29492	32	SBO:0000247	cpd00061		1005	pep	MNXM73	C00074	HMDB0000263	CHEBI:44897	pep		MAM02696c
284	phe__L_c	META:PHE	650babc9-9d68-4b73-9332-11972ca26f7b/compound/447fdbbc-919c-4e8d-aed3-c0533f3e6047;650babc9-9d68-4b73-9332-11972ca26f7b/compound/c1b55d6f-7946-4f39-9dc6-ac0f47865b8b	COLNVLDHVKWLRT-QMMMGPOBSA-N	D00021		29502;379701;351993	2365;83	SBO:0000247	cpd00066;cpd01400		6140	phe_L	MNXM97	C00079	HMDB0000159	CHEBI:17295	phe__L		MAM02724c
285	phe__L_e	META:PHE	650babc9-9d68-4b73-9332-11972ca26f7b/compound/447fdbbc-919c-4e8d-aed3-c0533f3e6047;650babc9-9d68-4b73-9332-11972ca26f7b/compound/c1b55d6f-7946-4f39-9dc6-ac0f47865b8b	COLNVLDHVKWLRT-QMMMGPOBSA-N	D00021		29502;379701;351993	2365;83	SBO:0000247	cpd00066;cpd01400		6140	phe_L	MNXM97	C00079	HMDB0000159	CHEBI:17295	phe__L		MAM02724e
286	pheme_c	META:PROTOHEME		KABFMIBPWCXCRK-RGGAHWMASA-J			917877;71185;189444		SBO:0000247				pheme	MNXM249	C00032		CHEBI:17627	pheme		MAM02049c
287	phpyr_c	META:PHENYL-PYRUVATE	650babc9-9d68-4b73-9332-11972ca26f7b/compound/1a2c1780-502b-43c6-8d45-759953ea5e07	BTNMPGBKDVTSJY-UHFFFAOYSA-M				1957	SBO:0000247	cpd00143		997	phpyr	MNXM162242;MNXM210	C00166	HMDB0000205	CHEBI:30851	phpyr		MAM02725c
288	pi_c	META:Pi;META:CPD-16459;META:PHOSPHATE-GROUP	650babc9-9d68-4b73-9332-11972ca26f7b/compound/db5219ee-60cb-4370-b066-340c9faf069c;5882df9c-dae1-4d80-a40e-db4724271456/compound/84684967-eade-48d4-b25d-c4aede0a0836;5882df9c-dae1-4d80-a40e-db4724271456/compound/ad82c39b-2edb-4953-b971-79a2d2ea6e26;650babc9-9d68-4b73-9332-11972ca26f7b/compound/aac01fea-4223-49c1-8b12-cd50f11ebfc8;32de3cf4-e3e6-4168-956e-32fa5ddb0ce1/compound/c581b2ce-6238-45de-abc0-60ca8d47ed04	NBIIXXVUZAFLBC-UHFFFAOYSA-L	D05467		5228339;113550;8851513;113551;109277;29372;8851226;113548	36	SBO:0000247	cpd27787;cpd00009		1004	pi	MNXM9	C00009	HMDB02105;HMDB00973;HMDB01429;HMDB02142;HMDB05947	CHEBI:18367	pi		MAM02751c
289	pi_e	META:Pi;META:CPD-16459;META:PHOSPHATE-GROUP	650babc9-9d68-4b73-9332-11972ca26f7b/compound/db5219ee-60cb-4370-b066-340c9faf069c;5882df9c-dae1-4d80-a40e-db4724271456/compound/84684967-eade-48d4-b25d-c4aede0a0836;5882df9c-dae1-4d80-a40e-db4724271456/compound/ad82c39b-2edb-4953-b971-79a2d2ea6e26;650babc9-9d68-4b73-9332-11972ca26f7b/compound/aac01fea-4223-49c1-8b12-cd50f11ebfc8;32de3cf4-e3e6-4168-956e-32fa5ddb0ce1/compound/c581b2ce-6238-45de-abc0-60ca8d47ed04	NBIIXXVUZAFLBC-UHFFFAOYSA-L	D05467		5228339;113550;8851513;113551;109277;29372;8851226;113548	36	SBO:0000247	cpd27787;cpd00009		1004	pi	MNXM9	C00009	HMDB02105;HMDB00973;HMDB01429;HMDB02142;HMDB05947	CHEBI:18367	pi		MAM02751e
290	ppbng_c	META:PORPHOBILINOGEN		QSHWIQZFGQKFMA-UHFFFAOYSA-M			189464	5324	SBO:0000247	cpd00689		1021	ppbng	MNXM554	C00931	HMDB0000245	CHEBI:17381	ppbng		MAM02756c
291	ppi_c	META:PYROPHOSPHATE-GROUP;META:PPI		XPPKVPWEQAFLFU-UHFFFAOYSA-K			159450;113542;8878981;389593;113541;8938078;111294;2046049;6806656;1132084	1267	SBO:0000247	cpd00012;cpd27828		644102	ppi	MNXM11	C00013	HMDB0000250	CHEBI:18361	ppi		MAM02759c
292	ppp9_c	META:PROTOPORPHYRIN_IX		KSFOVUSSGSKXFI-UJJXFSCMSA-L			189487;189463	6061	SBO:0000247	cpd01476			ppp9	MNXM346	C02191	HMDB00241	CHEBI:15430	ppp9		MAM02803c
293	pppg9_c	META:PROTOPORPHYRINOGEN		UHSGPDMIQQYNAX-UHFFFAOYSA-L			189478	5384	SBO:0000247	cpd00791		121893	pppg9	MNXM351	C01079	HMDB01097	CHEBI:15435	pppg9		MAM02804c
294	prpp_c	META:PRPP		PQGCEDQWHSBAJP-TXICZTDVSA-I			73566	1305	SBO:0000247	cpd00103		7339	prpp	MNXM91	C00119	HMDB00280;HMDB62643	CHEBI:17111	prpp		MAM02806c
295	ptrc_c	META:PUTRESCINE		KIDHWZJUCRJVML-UHFFFAOYSA-P			29610;141350	1941	SBO:0000247	cpd00118;cpd12215		1045	ptrc	MNXM118	C00134	HMDB0001414	CHEBI:17148	ptrc		MAM02812c
296	ptrc_e	META:PUTRESCINE		KIDHWZJUCRJVML-UHFFFAOYSA-P			29610;141350	1941	SBO:0000247	cpd00118;cpd12215		1045	ptrc	MNXM118	C00134	HMDB0001414	CHEBI:17148	ptrc		MAM02812e
297	pyam5p_c	META:PYRIDOXAMINE-5P		ZMJGSOSNSPKHNH-UHFFFAOYSA-M			965146	1685	SBO:0000247	cpd00493		1053	pyam5p	MNXM366	C00647	HMDB01555	CHEBI:18335	pyam5p		MAM02816c
298	pydam_c	META:PYRIDOXAMINE	32de3cf4-e3e6-4168-956e-32fa5ddb0ce1/compound/a8e03eef-0f65-4f7e-aaaa-c85331fbebe6	NHZMQXZHNVQTQA-UHFFFAOYSA-O			964945	2080	SBO:0000247	cpd00419		1052	pydam	MNXM548	C00534	HMDB62696;HMDB01431	CHEBI:16410	pydam		MAM02815c
299	pydam_e	META:PYRIDOXAMINE	32de3cf4-e3e6-4168-956e-32fa5ddb0ce1/compound/a8e03eef-0f65-4f7e-aaaa-c85331fbebe6	NHZMQXZHNVQTQA-UHFFFAOYSA-O			964945	2080	SBO:0000247	cpd00419		1052	pydam	MNXM548	C00534	HMDB62696;HMDB01431	CHEBI:16410	pydam		MAM02815e
300	pydx5p_c	META:PYRIDOXAL_PHOSPHATE		NGVDGCNFYWLIFO-UHFFFAOYSA-L			29390	1271	SBO:0000247	cpd00016		1051	pydx5p	MNXM161	C00018	HMDB0001491	CHEBI:18405	pydx5p		MAM02814c
301	pydx_c	META:PYRIDOXAL	32de3cf4-e3e6-4168-956e-32fa5ddb0ce1/compound/049709c3-768e-468f-b435-40e990942002	RADKZDMFGJYCBB-UHFFFAOYSA-N			965131	1991	SBO:0000247	cpd00215		1050	pydx	MNXM311	C00250	HMDB01545	CHEBI:17310	pydx		MAM02813c
302	pydx_e	META:PYRIDOXAL	32de3cf4-e3e6-4168-956e-32fa5ddb0ce1/compound/049709c3-768e-468f-b435-40e990942002	RADKZDMFGJYCBB-UHFFFAOYSA-N			965131	1991	SBO:0000247	cpd00215		1050	pydx	MNXM311	C00250	HMDB01545	CHEBI:17310	pydx		MAM02813e
303	pydxn_c	META:PYRIDOXINE	32de3cf4-e3e6-4168-956e-32fa5ddb0ce1/compound/344a84bd-2fbd-4e3b-903e-556786d111e2	LXNHXLLTXMVWPM-UHFFFAOYSA-N	D08454		965053	2015	SBO:0000247	cpd00263		1054	pydxn	MNXM419	C00314	HMDB0000239	CHEBI:16709	pydxn		MAM02817c
304	pydxn_e	META:PYRIDOXINE	32de3cf4-e3e6-4168-956e-32fa5ddb0ce1/compound/344a84bd-2fbd-4e3b-903e-556786d111e2	LXNHXLLTXMVWPM-UHFFFAOYSA-N	D08454		965053	2015	SBO:0000247	cpd00263		1054	pydxn	MNXM419	C00314	HMDB0000239	CHEBI:16709	pydxn		MAM02817e
305	pyr_c	META:PYRUVATE	650babc9-9d68-4b73-9332-11972ca26f7b/compound/ccc99777-54dc-42d4-a97e-009b780d3905;32de3cf4-e3e6-4168-956e-32fa5ddb0ce1/compound/dc01020e-8c7e-4087-9f56-cf8c962b7437	LCTONWCANYUPML-UHFFFAOYSA-M			1130930;5357717;113557;29398;389680	33	SBO:0000247	cpd00020		1060	pyr	MNXM23	C00022	HMDB0000243	CHEBI:32816	pyr	LMFA01060077	MAM02819c
306	pyr_e	META:PYRUVATE	650babc9-9d68-4b73-9332-11972ca26f7b/compound/ccc99777-54dc-42d4-a97e-009b780d3905;32de3cf4-e3e6-4168-956e-32fa5ddb0ce1/compound/dc01020e-8c7e-4087-9f56-cf8c962b7437	LCTONWCANYUPML-UHFFFAOYSA-M			1130930;5357717;113557;29398;389680	33	SBO:0000247	cpd00020		1060	pyr	MNXM23	C00022	HMDB0000243	CHEBI:32816	pyr	LMFA01060077	MAM02819e
307	r1p_c	META:RIBOSE-1P		YXJDFQJKERBOBM-TXICZTDVSA-L			112016	1651;1337	SBO:0000247	cpd00475		439236	r1p	MNXM295	C00620	HMDB01489	CHEBI:35425	r1p		MAM02844c
308	r5p_c	META:CPD-15318		KTVPXOYAKDPRHY-AIHAYLRMSA-L				1473	SBO:0000247	cpd19028		440101	r5p	MNXM116;MNXM15900	C00117		CHEBI:17797	r5p		MAM02845c
309	ribflv_c	META:RIBOFLAVIN		AUNGANRZJHBGPY-SCRDCRAPSA-M	D00050		3165253;196931	1996	SBO:0000247	cpd00220		493570	ribflv	MNXM270	C00255	HMDB0000244	CHEBI:17015	ribflv		MAM02842c
310	ribflv_e	META:RIBOFLAVIN		AUNGANRZJHBGPY-SCRDCRAPSA-M	D00050		3165253;196931	1996	SBO:0000247	cpd00220		493570	ribflv	MNXM270	C00255	HMDB0000244	CHEBI:17015	ribflv		MAM02842e
311	rnam_c	META:NICOTINAMIDE_RIBOSE		JLEBZPBDRKPWTD-TURQNECASA-O			8869377;8940077;8936514		SBO:0000247	cpd02016		439924	rnam	MNXM1115	C03150	HMDB00855	CHEBI:15927	rnam		MAM02582c
312	ru5p__D_c	META:RIBULOSE-5P		FNZLKVNUWIIPSJ-UHNVWZDZSA-L			29732	22814;1313	SBO:0000247	cpd00171		439184	ru5p_D	MNXM145;MNXM186	C00199	HMDB02033;HMDB02694;HMDB00618	CHEBI:17363	ru5p__D		MAM02846c
313	s7p_c	META:D-SEDOHEPTULOSE-7-P		JDTUMPKOJBQPKX-GBNDHIKLSA-L			29882	1618;1325	SBO:0000247	cpd00238		22833559	s7p	MNXM271	C05382	HMDB01068;HMDB62754	CHEBI:15721	s7p		MAM02884c
314	sbt__D_c	META:SORBITOL		FBPFZTCFMRRESA-JGWLITMVSA-N	D00096		5652213	2148;2156	SBO:0000247	cpd00588		5780	sbt_D	MNXM469	C00794	HMDB0000247	CHEBI:17924	sbt__D		MAM01682c
315	slgth__R_c	META:S-LACTOYL-GLUTATHIONE		VDYDCVUWILIYQF-CSMHCCOUSA-M			5694130	24624;3008	SBO:0000247	cpd02182		440018	lgt_S	MNXM1253	C03451	HMDB01066;HMDB62624	CHEBI:15694	lgt__S		MAM00168c
316	spmd_c	META:SPERMIDINE		ATHGHQPFGPMSJY-UHFFFAOYSA-Q			204635;141324	3088	SBO:0000247	cpd00264		1102	spmd	MNXM124	C00315	HMDB0001257	CHEBI:16610	spmd		MAM02923c
317	spmd_e	META:SPERMIDINE		ATHGHQPFGPMSJY-UHFFFAOYSA-Q			204635;141324	3088	SBO:0000247	cpd00264		1102	spmd	MNXM124	C00315	HMDB0001257	CHEBI:16610	spmd		MAM02923e
318	sprm_c	META:SPERMINE		PFNFFQXMRSDOHW-UHFFFAOYSA-R			141342;353560	3089	SBO:0000247	cpd00558		1103	sprm	MNXM408	C00750	HMDB0001256	CHEBI:15746	sprm		MAM02926c
319	sprm_e	META:SPERMINE		PFNFFQXMRSDOHW-UHFFFAOYSA-R			141342;353560	3089	SBO:0000247	cpd00558		1103	sprm	MNXM408	C00750	HMDB0001256	CHEBI:15746	sprm		MAM02926e
320	thm_c		32de3cf4-e3e6-4168-956e-32fa5ddb0ce1/compound/d00080d5-971d-4e5f-973a-226a589d76df	MYVIATVLJGTBFV-UHFFFAOYSA-M	D08580			2032	SBO:0000247	cpd00305		1130	thm	MNXM322	C00378	HMDB0000235	CHEBI:18385	thm		MAM02982c
321	thm_e		32de3cf4-e3e6-4168-956e-32fa5ddb0ce1/compound/d00080d5-971d-4e5f-973a-226a589d76df	MYVIATVLJGTBFV-UHFFFAOYSA-M	D08580			2032	SBO:0000247	cpd00305		1130	thm	MNXM322	C00378	HMDB0000235	CHEBI:18385	thm		MAM02982e
322	thmmp_c	META:THIAMINE-P		HZSAJDVWZRBGIF-UHFFFAOYSA-M				1698	SBO:0000247	cpd00793		3382778	thmmp	MNXM662	C01081	HMDB0002666	CHEBI:37574	thmmp		MAM02983c
323	thmmp_e	META:THIAMINE-P		HZSAJDVWZRBGIF-UHFFFAOYSA-M				1698	SBO:0000247	cpd00793		3382778	thmmp	MNXM662	C01081	HMDB0002666	CHEBI:37574	thmmp		MAM02983e
324	thmpp_c	META:THIAMINE-PYROPHOSPHATE		AYEKOFBPNLCAJY-UHFFFAOYSA-L			8878387;29480	1287	SBO:0000247	cpd00056		1132	thmpp	MNXM256	C00068	HMDB0001372	CHEBI:9532	thmpp		MAM02984c
325	thmtp_c	META:CPD-611		IWLROWZYZPNOFC-UHFFFAOYSA-K			964965		SBO:0000247	cpd01937		511	thmtp	MNXM1341	C03028	HMDB01512	CHEBI:9534	thmtp		MAM02985c
326	udp_c	META:UDP		XCCTYIAWTASOJW-XVFCMESISA-K		G10619	110096;111814;205687;158602	1269	SBO:0000247	cpd00014		6031	udp	MNXM17	C00015	HMDB0000295	CHEBI:17659	udp		MAM03106c
327	udpgal_c	META:CPD-14553		HSCJRCZFDFQWRP-ABVWGUQPSA-L		G10609	735682;29452	1283;3919	SBO:0000247	cpd00043;cpd30770		18068	udpgal	MNXM89795	C00052	HMDB0000302	CHEBI:67119	udpgal		MAM03107c
328	udpglc__D_c	META:CPD-12575		HSCJRCZFDFQWRP-RDKQLNKOSA-L		G10608	173594;744227;29410	3918;1277	SBO:0000247	cpd00026;cpd28293		53477679	udpg	MNXM52	C00029	HMDB60079	CHEBI:18066	udpg		MAM03108c
329	udpglcur_c	META:UDP-GLUCURONATE		HDYANYHVCAPMJV-LXQIFKJMSA-K		G10612	174384;158601;1889970	22782;3916	SBO:0000247	cpd00144		17473	udpglcur	MNXM87	C00167	HMDB0000935	CHEBI:17200	udpglcur		MAM03109c
330	ump_c	META:UMP		DJJCXFVJDGTHFX-XVFCMESISA-L			735698;109402	1300;25061	SBO:0000247	cpd00091		6030	ump	MNXM80	C00105	HMDB00288	CHEBI:16695	ump		MAM03114c
331	uppg3_c	META:UROPORPHYRINOGEN-III		HUHWZXWWOFSFKF-UHFFFAOYSA-F			189407		SBO:0000247	cpd00774		1179	uppg3	MNXM414	C01051	HMDB0001086	CHEBI:15437	uppg3		MAM03128c
332	urea_c	META:UREA	5882df9c-dae1-4d80-a40e-db4724271456/compound/a4a8116a-0fc4-4ad8-b192-1387a253bac6;32de3cf4-e3e6-4168-956e-32fa5ddb0ce1/compound/e1054e0b-a299-4b89-b470-455c007d2bc6;650babc9-9d68-4b73-9332-11972ca26f7b/compound/f410026a-1678-4d69-b6ac-505c7b9fe316	XSQUKJJJFZCRTK-UHFFFAOYSA-N	D01749;D10496;D00023		374061;29514;432019	1798	SBO:0000247	cpd00073		1176	urea	MNXM117	C00086	HMDB0000294	CHEBI:16199	urea		MAM03121c
333	urea_e	META:UREA	5882df9c-dae1-4d80-a40e-db4724271456/compound/a4a8116a-0fc4-4ad8-b192-1387a253bac6;32de3cf4-e3e6-4168-956e-32fa5ddb0ce1/compound/e1054e0b-a299-4b89-b470-455c007d2bc6;650babc9-9d68-4b73-9332-11972ca26f7b/compound/f410026a-1678-4d69-b6ac-505c7b9fe316	XSQUKJJJFZCRTK-UHFFFAOYSA-N	D01749;D10496;D00023		374061;29514;432019	1798	SBO:0000247	cpd00073		1176	urea	MNXM117	C00086	HMDB0000294	CHEBI:16199	urea		MAM03121e
334	uri_c	META:URIDINE		DRTQHJPVMGBUCF-XVFCMESISA-N				1326	SBO:0000247	cpd00249		6029	uri	MNXM288	C00299	HMDB0000296	CHEBI:16704	uri		MAM03123c
335	uri_e	META:URIDINE		DRTQHJPVMGBUCF-XVFCMESISA-N				1326	SBO:0000247	cpd00249		6029	uri	MNXM288	C00299	HMDB0000296	CHEBI:16704	uri		MAM03123e
336	utp_c	META:UTP		PGAVKCOVUIYSFO-XVFCMESISA-J			29494	1288	SBO:0000247	cpd00062		6133	utp	MNXM121	C00075	HMDB0000285	CHEBI:15713	utp		MAM03130c
337	xmp_c	META:XANTHOSINE-5-PHOSPHATE		DCTLYFZHFGENCW-UUOKFMHZSA-L			111584	1686	SBO:0000247	cpd00497		73323	xmp	MNXM298	C00655	HMDB01554;HMDB62755	CHEBI:15652	xmp		MAM03150c
338	xu5p__D_c	META:XYLULOSE-5-PHOSPHATE		FNZLKVNUWIIPSJ-RFZPGFLSSA-L			29790	1317	SBO:0000247	cpd00198		439190	xu5p_D	MNXM186	C00231	HMDB06212;HMDB00868	CHEBI:16332	xu5p__D		MAM01761c
339	xylt_c	META:XYLITOL		HEBKCHPVOIAQTA-SCDXWVJYSA-N	D00061		5660033	2033	SBO:0000247	cpd00306		6912	xylt	MNXM510	C00379	HMDB0002917	CHEBI:1305691	xylt		MAM03155c
340	xylu__D_c	META:D-XYLULOSE		ZAQJHHRNXZUBTE-WUJLRWPWSA-N			5661281	1504	SBO:0000247	cpd00259		5289590	xylu_D	MNXM597	C00310	HMDB0001644	CHEBI:17140	xylu__D		MAM01759c
341	xylu__L_c	META:L-XYLULOSE		ZAQJHHRNXZUBTE-WVZVXSGGSA-N			5660036	1505;23128	SBO:0000247	cpd00261		22253	xylu_L	MNXM597	C00312	HMDB0000751	CHEBI:17399	xylu__L		MAM02425c
