	reactions	bigg.reaction	biocyc	ec-code	kegg.reaction	metanetx.reaction	metatlas	reactome	rhea	sabiork.reaction	sbo	seed.reaction	spontaneous	tcdb	vmhreaction
0	3MOXTYRESSte	3MOXTYRESSte				MNXR94930	MAR11306				SBO:0000185		0		3MOXTYRESSte
1	4PYRDXABCte	4PYRDX				MNXR95053	MAR08103				SBO:0000185		0		4PYRDX
2	5AOPt2	5AOPt2				MNXR95061	MAR11307				SBO:0000185	rxn09702	0		5AOPt2
3	ACALDt	ACALDt				MNXR95212	MAR04948	R-HSA-449872			SBO:0000185	rxn09700;rxn08033;rxn13212;rxn08032	0		ACALDt
4	ACGAM2E	ACGAM2E	META:RXN-16006	5.1.3.8	R01207	MNXR95247	MAR04527			1441	SBO:0000176	rxn00897	0		ACGAM2E
5	ACGAMK	ACGAMK	META:N-ACETYLGLUCOSAMINE-KINASE-RXN	2.7.1.59	R01201	MNXR95249	MAR04524		17417	1435	SBO:0000176	rxn00892	0		ACGAMK
6	ACNAM9PL	ACNAM9PL		2.5.1.57	R04435	MNXR108888;MNXR95288	MAR04529				SBO:0000176		0		ACNAM9PL
7	ACNAMPH	ACNAMPH		3.1.3.29	R01805	MNXR107181;MNXR95290	MAR04530				SBO:0000176		0		ACNAMPH
8	ACNAMt2	ACNAMt2	META:TRANS-RXN-25;META:RXN-15314			MNXR95291	MAR11308		28987		SBO:0000185	rxn05487;rxn08050	0		ACNAMt2
9	ACNML	ACNML	META:ACNEULY-RXN	4.1.3.3	R01811	MNXR95296	MAR08373		23296	7666	SBO:0000176	rxn01322	0		ACNMLr
10	ACt2	ACt2r	META:TRANS-RXN0-571			MNXR95429	MAR04935				SBO:0000185	rxn08061;rxn05488	0	2.A.1.13.1;2.A.1.13.5	ACt2r
11	ADA	ADA	META:ADENODEAMIN-RXN	3.5.4.4	R01560	MNXR95432	MAR04481	R-HSA-5693346	24408	134	SBO:0000176	rxn01137	0		ADA
12	ADEt	ADEt	META:TRANS-RXN0-577			MNXR95445	MAR04847				SBO:0000185	rxn10918;rxn08065;rxn09786	0	2.A.57.1.4	ADEt
13	ADK1	ADK1	META:ADENYL-KIN-RXN	2.7.4.3	R00127	MNXR95450	MAR04002	R-HSA-110145;R-HSA-110144	12973	82	SBO:0000176	rxn00097	0		ADK1
14	ADMDC	ADMDC	META:SAMDECARB-RXN	4.1.1.50	R00178	MNXR95455	MAR04073		15981	731	SBO:0000176	rxn00127	0		ADMDC
15	ADNCYC	ADNCYC	META:ADENYLATECYC-RXN	4.6.1.1	R00089	MNXR95444	MAR04000	R-HSA-164377;R-HSA-381607;R-HSA-5610727;R-HSA-170676;R-HSA-5211224;R-HSA-111930;R-HSA-392129	15389	101	SBO:0000176	rxn00065	0		ADNCYC
16	ADNK1	ADNK1	META:ADENOSINE-KINASE-RXN	2.7.1.74;2.7.1.20	R00185	MNXR95456	MAR04012		20824	252	SBO:0000176	rxn00134	0		ADNK1
17	ADNt	ADNt				MNXR95460	MAR05032				SBO:0000185	rxn08069;rxn11000	0	2.A.57.1.1;2.A.57.1.4	ADNt
18	ADPT	ADPT	META:ADENPRIBOSYLTRAN-RXN	2.4.2.8;2.4.2.7	R00190	MNXR95482	MAR04085	R-HSA-74213	16609	80	SBO:0000176	rxn00139	0		ADPT
19	ADRNLt	ADRNLtu				MNXR95489	MAR09192				SBO:0000185		0		ADRNLtu
20	AGDC	AGDC	META:NAG6PDEACET-RXN	3.5.1.25	R02059	MNXR95528	MAR04629		22936	2076	SBO:0000176	rxn01484	0		AGDC
21	AHC	AHCi	META:ADENOSYLHOMOCYSTEINASE-RXN	3.3.1.1	R00192	MNXR95492	MAR03877	R-HSA-174401	21708	738;8119	SBO:0000176	rxn00141	0		AHC
22	ALAt4	ALAt4	META:TRANS-RXN-125			MNXR95692	MAR05305		29286;29283;29285;29284		SBO:0000185	rxn08102;rxn05215	0	2.A.18.6.7	ALAt4
23	ALDD2x	ALDD2x	META:RXN66-3	1.2.1.3;1.2.1.5	R00710	MNXR95749	MAR01568	R-HSA-71723;R-HSA-71691;R-HSA-5696091	25294	544	SBO:0000176	rxn00506	0		ALDD2x
24	AMANK	AMANK	META:NANK-RXN	2.7.1.60	R02705	MNXR95805	MAR04528	R-HSA-4085028	25253	2597	SBO:0000176	rxn01951	0		AMANK
25	AMPDA	AMPDA	META:AMP-DEAMINASE-RXN	3.5.4.17;3.5.4.6	R00181	MNXR95824	MAR04080	R-HSA-76590	14777	135	SBO:0000176	rxn00130	0		AMPDA
26	AP4AH1	AP4AH1	META:RXN-12820	3.6.1.61;3.6.1.17	R00184	MNXR95857	MAR09570		32039	251	SBO:0000176	rxn00133	0		AP4AH1
27	ARD	ARD	META:R147-RXN	1.13.11.54	R07364	MNXR95227	MAR05389	R-HSA-1237119	24504		SBO:0000176	rxn05092	0		HMR_5389;DKMPPD2
28	ARGN	ARGN	META:ARGINASE-RXN	3.5.3.1	R00551	MNXR95945	MAR03816	R-HSA-70569;R-HSA-452036	20569	574	SBO:0000176	rxn00394	0		ARGN
29	ARGtec	ARGt5r	META:RXN66-448			MNXR95951	MAR05068		32145;32143;32144;32146	7983	SBO:0000185	rxn10840;rxn08155	0	2.A.3.3;2.A.3.8;2.A.1.44	ARGtD
30	ASCBt	ASCBt				MNXR96048	MAR08618				SBO:0000185	rxn08159	0		ASCBt
31	BANDMT	BANDMT				MNXR96213	MAR11309				SBO:0000176		0		BANDMT
32	BILGLCURt	BILGLCURt				MNXR96255	MAR08632				SBO:0000185		0		BILGLCURt
33	BILIRBU	BILIRBU		2.4.1.17		MNXR96258	MAR11321				SBO:0000176		0		UGT1A10c
34	BILIREDy	BILIRED		1.3.1.24	R02393	MNXR96259	MAR08634	R-HSA-189384	15793	2334	SBO:0000176	rxn01723	0		BILIRED
35	CA2t	CA2t	META:TRANS-RXN0-497;META:TRANS-RXN-144	3.6.3.8		MNXR96436	MAR11311	R-HSA-210420;R-HSA-432164;R-HSA-8863009;R-HSA-5263618;R-HSA-2534359;R-HSA-2685505;R-HSA-3295579;R-HSA-2855020;R-HSA-139854;R-HSA-5577213;R-HSA-418309;R-HSA-434798;R-HSA-169683;R-HSA-2089943;R-HSA-4420052;R-HSA-139855;R-HSA-265645	29671;29674;29673;29672	12376	SBO:0000185	rxn08186	0		CA2t
36	CAATPS2	CAATPS				MNXR96438	MAR07629				SBO:0000185		0		
37	CAMPABCte	CAMPt				MNXR96448	MAR07691				SBO:0000185		0		CAMPt
38	CAT	CAT	META:CATAL-RXN	1.11.1.21;1.11.1.6	R00009	MNXR96455	MAR03980	R-HSA-76031;R-HSA-1222704	20309	373	SBO:0000176	rxn00006	0		r0010
39	CDIPT_16_0_16_0	CDIPTr_16_0_16_0				MNXR96528					SBO:0000176				
40	CDIPT_16_0_18_9Z	CDIPTr_16_0_18_1				MNXR96530					SBO:0000176				
41	CDIPT_16_0_18_9Z12Z	CDIPTr_16_0_18_2				MNXR96531					SBO:0000176				
42	CDIPT_18_9Z12Z_16_0	CDIPTr_18_2_16_0				MNXR96540					SBO:0000176				
43	CDIPT_18_9Z12Z_18_9Z	CDIPTr_18_2_18_1				MNXR96541					SBO:0000176				
44	CDIPT_18_9Z_18_9Z	CDIPTr_18_1_18_1				MNXR96537					SBO:0000176				
45	CDIPT_18_9Z_18_9Z12Z	CDIPTr_18_1_18_2				MNXR96538					SBO:0000176				
46	CDS_16_0_16_0	CDS_16_0_16_0				MNXR96564					SBO:0000176				
47	CDS_16_0_18_9Z	CDS_16_0_18_1				MNXR96566					SBO:0000176				
48	CDS_16_0_18_9Z12Z	CDS_16_0_18_2				MNXR96567					SBO:0000176				
49	CDS_18_9Z12Z_16_0	CDS_18_2_16_0				MNXR96576					SBO:0000176				
50	CDS_18_9Z12Z_18_9Z	CDS_18_2_18_1				MNXR96577					SBO:0000176				
51	CDS_18_9Z_18_9Z	CDS_18_1_18_1				MNXR96573					SBO:0000176				
52	CDS_18_9Z_18_9Z12Z	CDS_18_1_18_2				MNXR96574					SBO:0000176				
53	CEPTC_16_0_16_0	CEPTC_16_0_16_0				MNXR96593					SBO:0000176				
54	CEPTC_16_0_18_9Z	CEPTC_16_0_18_1				MNXR96595					SBO:0000176				
55	CEPTC_16_0_18_9Z12Z	CEPTC_16_0_18_2				MNXR96596					SBO:0000176				
56	CEPTC_18_9Z12Z_16_0	CEPTC_18_2_16_0				MNXR96605					SBO:0000176				
57	CEPTC_18_9Z12Z_18_9Z	CEPTC_18_2_18_1				MNXR96606					SBO:0000176				
58	CEPTC_18_9Z_18_9Z	CEPTC_18_1_18_1				MNXR96602					SBO:0000176				
59	CEPTC_18_9Z_18_9Z12Z	CEPTC_18_1_18_2				MNXR96603					SBO:0000176				
60	CEPTE_16_0_16_0	CEPTE_16_0_16_0				MNXR96612					SBO:0000176				
61	CEPTE_16_0_18_9Z	CEPTE_16_0_18_1				MNXR96614					SBO:0000176				
62	CEPTE_16_0_18_9Z12Z	CEPTE_16_0_18_2				MNXR96615					SBO:0000176				
63	CEPTE_18_9Z12Z_16_0	CEPTE_18_2_16_0				MNXR96624					SBO:0000176				
64	CEPTE_18_9Z12Z_18_9Z	CEPTE_18_2_18_1				MNXR96625					SBO:0000176				
65	CEPTE_18_9Z_18_9Z	CEPTE_18_1_18_1				MNXR96621					SBO:0000176				
66	CEPTE_18_9Z_18_9Z12Z	CEPTE_18_1_18_2				MNXR96622					SBO:0000176				
67	CGMPABCte	CGMPt				MNXR96659	MAR07692				SBO:0000185		0		CGMPt
68	CHLP	CHLP	META:RXN-5647	3.1.3.75	R06871	MNXR96686	MAR08424	R-HSA-1483159	10492	6446	SBO:0000176	rxn04684	0		CHLP
69	CHLPCTD	CHLPCTD	META:2.7.7.15-RXN	2.7.7.15	R01890	MNXR96686	MAR00638	R-HSA-1483081	18997	1949	SBO:0000176	rxn01380	0		CHLPCTD
70	CHOLK	CHOLK	META:CHOLINE-KINASE-RXN	2.7.1.32	R01021	MNXR96702	MAR00636	R-HSA-1483004	12837	1310	SBO:0000176	rxn00751	0		CHOLK
71	CHOLt4	CHOLt4	META:ACH1-RXN			MNXR96707	MAR07734				SBO:0000185		0		CHOLt4
72	CO2t	CO2t	META:TRANS-RXN0-545			MNXR96810	MAR04919	R-HSA-1247645;R-HSA-1237069;R-HSA-1237042;R-HSA-1247649			SBO:0000185	rxn05467;rxn08237;rxn09706;rxn09821;rxn09775;rxn09876;rxn08238;rxn09860	0		CO2t
73	COt	COt	META:TRANS-RXN0-556			MNXR96863	MAR07798				SBO:0000185	rxn10480	0		COt
74	CPPPGO	CPPPGO	META:RXN0-1461	1.3.3.3	R02590	MNXR96880	MAR09559		18257;18258;18259;18260		SBO:0000176	rxn02303	0		CPCTDTX
75	CRNAT_16_0	C160CPT1		2.3.1.21	R01923	MNXR107232;MNXR96384	MAR02626		12661		SBO:0000176		0		C160CPT1;C160CPT2rbc
76	CRNAT_16_0rbc	C160CPT2rbc		2.3.1.21	R01923	MNXR107232;MNXR96384	MAR02626		12661		SBO:0000176		0		C160CPT1;C160CPT2rbc
77	CRNAT_18_9Z	C181CPT1				MNXR96396	MAR00108				SBO:0000176		0		C181CPT1
78	CRNAT_18_9Z12Z	LNLCCPT1			R01923	MNXR107232	MAR02742		12661		SBO:0000176		0		LNLCCPT1;LNLCCPT2rbc
79	CRNAT_18_9Z12Zrbc	LNLCCPT2rbc			R01923	MNXR107232	MAR02742		12661		SBO:0000176		0		LNLCCPT1;LNLCCPT2rbc
80	CRNAT_18_9Zrbc	C181CPT2rbc				MNXR96396	MAR11310				SBO:0000176				
81	CYStec	CYStec	META:RXN0-1924			MNXR97029	MAR05084		29655;29656;29658;29657	13465	SBO:0000185	rxn08284;rxn10998;rxn08286	0	2.A.3.3;2.A.3.8;2.A.1.44	CYStec
82	CYTK1	CYTK1	META:RXN-11832	2.7.4.25;2.7.4.14	R00512	MNXR97047	MAR04024		11600		SBO:0000176	rxn00364	0		CYTK1
83	DAGK_16_0_16_0	DAGK_hs_16_0_16_0				MNXR97114					SBO:0000176				
84	DAGK_16_0_18_9Z	DAGK_hs_16_0_18_1				MNXR97116					SBO:0000176				
85	DAGK_16_0_18_9Z12Z	DAGK_hs_16_0_18_2				MNXR97117					SBO:0000176				
86	DAGK_18_9Z12Z_16_0	DAGK_hs_18_2_16_0				MNXR97126					SBO:0000176				
87	DAGK_18_9Z12Z_18_9Z	DAGK_hs_18_2_18_1				MNXR97127					SBO:0000176				
88	DAGK_18_9Z_18_9Z	DAGK_hs_18_1_18_1				MNXR97123					SBO:0000176				
89	DAGK_18_9Z_18_9Z12Z	DAGK_hs_18_1_18_2				MNXR97124					SBO:0000176				
90	DGULND	DGULND	META:DEHYDRO-L-GULONATE-DECARBOXYLASE-RXN	4.1.1.34	R01905	MNXR97362	MAR08353	R-HSA-5662473	11084		SBO:0000176	rxn01393	0		DGULND
91	DHAAt1r	DHAAt1r				MNXR97377	MAR08846	R-HSA-198818			SBO:0000185		0		DHAAt1r
92	DM_adprbp_c	SK_adprbp_c				MNXR142916					SBO:0000632				
93	DM_mi1345p_c	SK_mi1345p_c				MNXR143372					SBO:0000632				
94	DM_mi134p_c	SK_mi134p_c				MNXR143373					SBO:0000632				
95	DM_mi145p_c	SK_mi145p_c				MNXR101566					SBO:0000632				
96	DM_mi14p_c	SK_mi14p_c				MNXR101569					SBO:0000632				
97	DPGM	DPGM	META:BISPHOSPHOGLYCERATE-MUTASE-RXN	5.4.2.4	R01662	MNXR107112	MAR04371	R-HSA-6798335	17765		SBO:0000176	rxn01216	0		DPGM
98	DPGase	DPGase			R01516	MNXR107035	MAR04372		21904	8953	SBO:0000176	rxn01104	0		DPGase
99	D_LACt2	D_LACt2	META:TRANS-RXN0-515			MNXR97838	MAR03858				SBO:0000185	rxn10171;rxn09772;rxn08350	0		D_LACt2
100	ENO	ENO	META:2PGADEHYDRAT-RXN	4.2.1.11	R00658	MNXR97932	MAR04363	R-HSA-70494;R-HSA-71660	10164	8	SBO:0000176	rxn00459	0		ENO
101	ENOPH	ENOPH	META:3.1.3.77-RXN	3.1.3.77	R07395	MNXR126089	MAR05387	R-HSA-1237129	21700		SBO:0000176	rxn05107	0		HMR_5387;DKMPPD3
102	ETHAK	ETHAK	META:ETHANOLAMINE-KINASE-RXN	2.7.1.82	R01468	MNXR97969	MAR00648		13069	1644	SBO:0000176	rxn01071	0		ETHAK
103	ETHAt	ETHAt	META:TRANS-RXN0-476			MNXR97974	MAR07896		32747		SBO:0000185	rxn08424;rxn10841	0		ETHAtr;ETHAt
104	ETHP	ETHP	META:RXN-7948	3.1.3.75	R06870	MNXR97976	MAR00649		16089	6445	SBO:0000176	rxn04683	0		ETHP
105	EX_35camp_e	EX_camp_e	META:TRANS-RXN0-564			MNXR124056					SBO:0000627				
106	EX_35cgmp_e	EX_35cgmp_e				MNXR94849	MAR09216				SBO:0000627		0		EX_2hb[e]
107	EX_3moxtyr_e	EX_3moxtyr_e				MNXR98052	MAR10427				SBO:0000627		0		EX_3moxtyr[e]
108	EX_4pyrdx_e	EX_4pyrdx_e				MNXR142847	MAR09225				SBO:0000627		0		EX_4mptnl[e]
109	EX_5aop_e	EX_5aop_e				MNXR98077	MAR10428	R-HSA-189456			SBO:0000627	rxn09790	0		EX_5aop[e]
110	EX_FA_hs_16_0_e	EX_hdca_e				MNXR98650	MAR00611				SBO:0000627	rxn08704;rxn09848;rxn09676	0		EX_hdca[e]
111	EX_FA_hs_18_9Z12Z_e	EX_lnlc_e				MNXR101107	MAR09035				SBO:0000627		0		EX_lnlc[e]
112	EX_FA_hs_18_9Z_e	EX_ocdcea_e				MNXR98808	MAR00650			10346	SBO:0000627		0		EX_ocdcea[e]
113	EX_ac_e	EX_ac_e	META:RXN0-1981;META:TRANS-RXN0-567			MNXR95431	MAR09086			12184	SBO:0000627	rxn09787;rxn09866;rxn10904;rxn08063	0		EX_ac[e]
114	EX_acald_e	EX_acald_e				MNXR95212	MAR09241	R-HSA-449872			SBO:0000627	rxn09700;rxn08033;rxn13212;rxn08032	0		EX_abt[e]
115	EX_acnam_e	EX_acnam_e	META:RXN-15315;META:RXN0-0			MNXR98220	MAR11348				SBO:0000627	rxn08051	0		EX_acnam[e]
116	EX_ade_e	EX_ade_e	META:TRANS-RXN0-577			MNXR95445	MAR09250				SBO:0000627	rxn10918;rxn08065;rxn09786	0		EX_acnacngal14acglcgalgluside_hs[e]
117	EX_adn_e	EX_adn_e				MNXR95460	MAR09251				SBO:0000627	rxn08069;rxn11000	0		EX_acnacngalgbside_hs[e]
118	EX_adrnl__L_e	EX_adrnl_e				MNXR95489	MAR09095				SBO:0000627		0		EX_adrnl[e]
119	EX_ala__L_e	EX_ala__L_e				MNXR95706	MAR09061			10375	SBO:0000627	rxn08104;rxn10921;rxn13221	0		EX_ala_L[e]
120	EX_arg__L_e	EX_arg__L_e	META:RXN66-448			MNXR95951	MAR09066			7983	SBO:0000627	rxn10840;rxn08155	0		EX_arg_L[e]
121	EX_ascb__L_e	EX_ascb__L_e				MNXR138070	MAR09158				SBO:0000627	rxn08159	0		EX_ascb_L[e]
122	EX_bilglcur_e	EX_bilglcur_e				MNXR96257					SBO:0000627				
123	EX_ca2_e	EX_ca2_e	META:TRANS-RXN0-497;META:TRANS-RXN-144	3.6.3.8		MNXR98318	MAR09082	R-HSA-210420;R-HSA-432164;R-HSA-8863009;R-HSA-5263618;R-HSA-2534359;R-HSA-2685505;R-HSA-3295579;R-HSA-2855020;R-HSA-139854;R-HSA-5577213;R-HSA-418309;R-HSA-434798;R-HSA-169683;R-HSA-2089943;R-HSA-4420052;R-HSA-139855;R-HSA-265645		12376	SBO:0000627	rxn08186	0		EX_ca2[e]
124	EX_chol_e	EX_chol_e	META:TRANS-RXN-319			MNXR96693	MAR09083	R-HSA-444433;R-HSA-6797956			SBO:0000627	rxn08214	0		EX_chol[e]
125	EX_cl_e	EX_cl_e	META:TRANS-RXN-139			MNXR98349	MAR09150	R-HSA-2744228;R-HSA-2684901;R-HSA-427570;R-HSA-2744242;R-HSA-975340;R-HSA-975449;R-HSA-2744349;R-HSA-975389;R-HSA-2744361			SBO:0000627	rxn10473;rxn08234	0		EX_cl[e]
126	EX_co2_e	EX_co2_e	META:TRANS-RXN0-545			MNXR96810	MAR09058	R-HSA-1247645;R-HSA-1237069;R-HSA-1237042;R-HSA-1247649			SBO:0000627	rxn05467;rxn08237;rxn09706;rxn09821;rxn09775;rxn09876;rxn08238;rxn09860	0		EX_co2[e]
127	EX_co_e	EX_co_e	META:TRANS-RXN0-556			MNXR96863					SBO:0000627	rxn10480			
128	EX_cys__L_e	EX_cys__L_e	META:RXN0-1924			MNXR97029	MAR09065			13465	SBO:0000627	rxn08284;rxn10998;rxn08286	0		EX_cys_L[e]
129	EX_dhdascb__L_e	EX_dhdascb_e				MNXR97356	MAR09299	R-HSA-198818			SBO:0000627		0		EX_debrisoquine[e]
130	EX_dpam__L_e	EX_dopa_e				MNXR97758	MAR09092	R-HSA-372542;R-HSA-351596		7032	SBO:0000627	rxn08363	0		EX_dopa[e]
131	EX_etha_e	EX_etha_e	META:TRANS-RXN0-476			MNXR97974					SBO:0000627	rxn08424;rxn10841			
132	EX_fe2_e	EX_fe2_e	META:TRANS-RXN-8			MNXR99505	MAR09076				SBO:0000627	rxn08476;rxn08475;rxn13286;rxn10963	0		EX_fe2[e]
133	EX_fru_e	EX_fru_e				MNXR99663	MAR09139	R-HSA-189222		13415	SBO:0000627	rxn12996;rxn08537	0		EX_fru[e]
134	EX_fum_e	EX_fum_e	META:TRANS-RXN0-553			MNXR98523	MAR11400				SBO:0000627	rxn08544;rxn11013	0		EX_fum[e]
135	EX_gal_e	EX_gal_e				MNXR100025	MAR09140			7001	SBO:0000627	rxn10911;rxn08585	0		EX_gal[e]
136	EX_gam_e	EX_gam_e				MNXR100035	MAR09168				SBO:0000627	rxn08593	0		EX_gam[e]
137	EX_glc__D_e	EX_glc__D_e	META:TRANS-RXN0-574			MNXR100188	MAR09034			7002;601	SBO:0000627	rxn09875;rxn09679;rxn08617	0		EX_glc_D[e]
138	EX_gln__L_e	EX_gln__L_e	META:TRANS-RXN-233			MNXR100259	MAR09063	R-HSA-212651;R-HSA-212614		13421	SBO:0000627	rxn08625;rxn10928	0		EX_gln_L[e]
139	EX_gluala_e	EX_gluala_e				MNXR142982	MAR09340				SBO:0000627		0		EX_gdp[e]
140	EX_gly_e	EX_gly_e	META:TRANS-RXN0-537			MNXR100371	MAR09067	R-HSA-351963		13462	SBO:0000627	rxn05218;rxn08662;rxn13111	0		EX_gly[e]
141	EX_glyc_e	EX_glyc_e	META:TRANS-RXN-131			MNXR100343	MAR09085	R-HSA-507871;R-HSA-507869;R-HSA-432049;R-HSA-432074			SBO:0000627	rxn05581;rxn08654;rxn08658	0		EX_glyc[e]
142	EX_gthox_e	EX_gthox_e				MNXR100443	MAR09347				SBO:0000627	rxn09677;rxn08674	0		EX_gq1balpha_hs[e]
143	EX_h2o2_e	EX_h2o2_e	META:TRANS-RXN-284;META:TRANS-RXN0-572			MNXR98640	MAR09353	R-HSA-3779381			SBO:0000627	rxn13308;rxn08685	0		EX_gua[e]
144	EX_h2o_e	EX_h2o_e	META:TRANS-RXN-145;META:TRANS-RXN0-547			MNXR98641	MAR09047	R-HSA-432065;R-HSA-432054;R-HSA-432067;R-HSA-445714;R-HSA-507870;R-HSA-432010;R-HSA-507868			SBO:0000627	rxn08687;rxn08686;rxn09745;rxn09838;rxn09874;rxn09812;rxn09643;rxn05319	0		EX_h2o[e]
145	EX_h_e	EX_h_e	META:RXN-14452			MNXR100765	MAR09079	R-HSA-2534378;R-HSA-170026;R-HSA-74723			SBO:0000627	rxn11009;rxn08730	0		EX_h[e]
146	EX_hco3_e	EX_hco3_e				MNXR100484	MAR09078	R-HSA-2752067			SBO:0000627	rxn13310;rxn10826	0		EX_hco3[e]
147	EX_hcys__L_e	EX_hcys__L_e				MNXR98649	MAR09853				SBO:0000627		0		EX_hcys_L[e]
148	EX_hxan_e	EX_hxan_e	META:TRANS-RXN0-579;META:TRANS-RXN0-562			MNXR100749					SBO:0000627	rxn10143;rxn08737;rxn08738			
149	EX_ins_e	EX_ins_e				MNXR100849					SBO:0000627	rxn08754			
150	EX_k_e	EX_k_e	META:TRANS-RXN-190;META:TRANS-RXN-186;META:TRANS-RXN-185;META:TRANS-RXN-143;META:TRANS-RXN-187			MNXR98686	MAR09081	R-HSA-5577050;R-HSA-5577234;R-HSA-5578910;R-HSA-1299359;R-HSA-1299318;R-HSA-5683209;R-HSA-1296043;R-HSA-1299304;R-HSA-1296046;R-HSA-1369017;R-HSA-1296024;R-HSA-1296035;R-HSA-877187;R-HSA-1296348;R-HSA-1299338;R-HSA-5678261;R-HSA-1296127;R-HSA-1013020;R-HSA-1296045;R-HSA-1296037;R-HSA-1299297;R-HSA-2534365;R-HSA-5577237;R-HSA-1296039		7044	SBO:0000627	rxn05206;rxn08771	0		EX_k[e]
151	EX_lac__D_e	EX_lac__D_e				MNXR97840	MAR09136			12471	SBO:0000627	rxn08351	0		EX_lac_D[e]
152	EX_lac__L_e	EX_lac__L_e				MNXR100999	MAR09135			10553	SBO:0000627	rxn11016;rxn08795	0		EX_lac_L[e]
153	EX_leuktrA4_e	EX_leuktrA4_e				MNXR101044					SBO:0000627				
154	EX_leuktrB4_e	EX_leuktrB4_e				MNXR101045					SBO:0000627				
155	EX_mal__L_e	EX_mal__L_e	META:TRANS-RXN-225;META:TRANS-RXN-224			MNXR98731	MAR11404			13793	SBO:0000627	rxn10967;rxn08868	0		EX_mal_L[e]
156	EX_man_e	EX_man_e				MNXR101402	MAR09137			11452	SBO:0000627	rxn12997;rxn08886	0		EX_man[e]
157	EX_mepi__L_e	EX_mepi_e				MNXR143030	MAR09371				SBO:0000627		0		EX_malttr[e]
158	EX_met__L_e	EX_met__L_e				MNXR101493	MAR09042			13469;13461	SBO:0000627	rxn08920;rxn10976	0		EX_met_L[e]
159	EX_na1_e	EX_na1_e	META:TRANS-RXN-189			MNXR101804	MAR09077	R-HSA-2671885;R-HSA-3295580;R-HSA-5576895;R-HSA-2730664;R-HSA-2672334		12962	SBO:0000627	rxn08985;rxn10899	0		EX_na1[e]
160	EX_nac_e	EX_nac_e				MNXR101808	MAR09142	R-HSA-8869603			SBO:0000627	rxn08970;rxn05310;rxn08969	0		EX_nac[e]
161	EX_ncam_e	EX_ncam_e				MNXR101918					SBO:0000627	rxn10867			
162	EX_nh4_e	EX_nh4_e	META:TRANS-RXN0-206;META:RXN-9615;META:TRANS-RXN0-544			MNXR98786	MAR11420	R-HSA-444416		11683	SBO:0000627	rxn13364;rxn09835;rxn05466;rxn08987;rxn08986;rxn09736	0		EX_nh4[e]
163	EX_normete__L_e	EX_normete__L_e				MNXR98792	MAR10490				SBO:0000627		0		EX_normete_L[e]
164	EX_nrpphr__L_e	EX_nrpphr_e				MNXR102019	MAR09093	R-HSA-351604;R-HSA-374896;R-HSA-374919			SBO:0000627		0		EX_nrpphr[e]
165	EX_o2_e	EX_o2_e	META:TRANS-RXN0-474			MNXR102090	MAR09048				SBO:0000627	rxn09641;rxn05468;rxn09031;rxn09032;rxn09734	0		EX_o2[e]
166	EX_orot_e	EX_orot_e				MNXR102230					SBO:0000627	rxn10908;rxn09050			
167	EX_phe__L_e	EX_phe__L_e	META:RXN66-445			MNXR102637	MAR09043			13470;14018	SBO:0000627	rxn11018;rxn09118	0		EX_phe_L[e]
168	EX_pi_e	EX_pi_e	META:TRANS-RXN0-470			MNXR102871	MAR09072			10985	SBO:0000627	rxn10838;rxn09722;rxn09121;rxn13178	0		EX_pi[e]
169	EX_ptrc_e	EX_ptrc_e				MNXR98888	MAR11426				SBO:0000627	rxn09216;rxn13393	0		EX_ptrc[e]
170	EX_pydam_e	EX_pydam_e	META:TRANS-RXN0-213			MNXR103358	MAR09398				SBO:0000627		0		EX_prostgf2[e]
171	EX_pydx_e	EX_pydx_e	META:TRANS-RXN0-214			MNXR103370					SBO:0000627	rxn12666			
172	EX_pydxn_e	EX_pydxn_e	META:TRANS-RXN0-205			MNXR98894	MAR09144				SBO:0000627	rxn13097	0		EX_pydxn[e]
173	EX_pyr_e	EX_pyr_e	META:TRANS-RXN0-506;META:TRANS-RXN0-570			MNXR103384	MAR09133			12168	SBO:0000627	rxn10929;rxn09218	0		EX_pyr[e]
174	EX_ribflv_e	EX_ribflv_e				MNXR98912	MAR09143	R-HSA-3165230		12838	SBO:0000627	rxn09715;rxn05224	0		EX_ribflv[e]
175	EX_spmd_e	EX_spmd_e				MNXR98940	MAR11427			13767	SBO:0000627	rxn13397;rxn09266	0		EX_spmd[e]
176	EX_sprm_e	EX_sprm_e				MNXR104502				13768	SBO:0000627	rxn09659			
177	EX_thm_e	EX_thm_e				MNXR98974	MAR09159			12167	SBO:0000627	rxn11006;rxn09300	0		EX_thm[e]
178	EX_thmmp_e	EX_thmmp_e				MNXR143079	MAR09105				SBO:0000627		0		EX_thmmp[e]
179	EX_urea_e	EX_urea_e	META:TRANS-RXN0-460			MNXR105156	MAR09437	R-HSA-507875;R-HSA-507873;R-HSA-444126			SBO:0000627	rxn09369;rxn05667;rxn09368	0		EX_ura[e]
180	EX_uri_e	EX_uri_e				MNXR105165	MAR09075				SBO:0000627	rxn10987;rxn09372	0		EX_urate[e]
181	FACOAL_16_0	FACOAL160	META:RXN-9623	6.2.1.3	R01280	MNXR99153	MAR00217		30751	1496	SBO:0000176	rxn00947	0		FACOAL160i
182	FACOAL_18_9Z	FACOAL181				MNXR99168	MAR00263				SBO:0000176		0		FACOAL181i
183	FACOAL_18_9Z12Z	FACOAL1821	META:RXN-9673	6.2.1.3		MNXR99175	MAR00397		33652;33653;33651;33654		SBO:0000176		0		FACOAL1821
184	FADDP	FADDP	META:FAD-PYROPHOSPHATASE-RXN	3.6.1.18;3.6.1.9	R00160	MNXR99209	MAR06509	R-HSA-196955	13889	718	SBO:0000176	rxn00121	0		FADDP
185	FAt_16_0	HDCAt				MNXR99101	MAR00216		45257;45256;45258;45259		SBO:0000185	rxn08704;rxn09848;rxn09676	0	4.C.1.1.5;4.C.1.1.8	HDCAtr
186	FAt_18_9Z	OCDCEAt				MNXR99110	MAR00262		33658;33655;33656;33657	10346	SBO:0000185		0	4.C.1.1.5;4.C.1.1.8	OCDCEAtr
187	FAt_18_9Z12Z	LNLCt				MNXR101107	MAR00396		45267;45266;45265;45264		SBO:0000185		0	4.C.1.1.5;4.C.1.1.8	LNLCt
188	FBA	FBA		4.1.2.13	R01068	MNXR99459	MAR04375		14729	1338	SBO:0000176	rxn00786	0		FBA
189	FBP26	FBP26	META:3.1.3.46-RXN	3.1.3.46	R00763	MNXR106671;MNXR99466	MAR04706		17289	27	SBO:0000176		0		FBP26
190	FCLT	FCLT	META:PROTOHEMEFERROCHELAT-RXN	4.99.1.1	R00310	MNXR99471	MAR11406		22585;22586;22584;22587		SBO:0000176		0		FCLTc
191	FE2t	FE2t	META:TRANS-RXN-8			MNXR99505	MAR05987		29579		SBO:0000185	rxn08476;rxn08475;rxn13286;rxn10963	0	2.A.55.2.3	FE2DMT1
192	FMNAT	FMNAT	META:FADSYN-RXN	2.7.7.2	R00161	MNXR95501	MAR06508	R-HSA-196929	17237	390	SBO:0000176	rxn00122	0		FMNAT
193	FMNPH	ACP1_FMN	META:RXN0-5187	3.1.3.102;3.1.3.2	R00548	MNXR95393	MAR06507	R-HSA-196950	35587	964	SBO:0000176	rxn00391	0		ACP1_FMN_
194	FRUt1r	FRUt1r				MNXR99663	MAR04321	R-HSA-189222		13415	SBO:0000185	rxn12996;rxn08537	0		FRUt1r
195	FUM	FUM	META:FUMHYDR-RXN	4.2.1.2	R01082	MNXR99705	MAR04408	R-HSA-70982;R-HSA-451033	12460	256	SBO:0000176	rxn00799	0		FUM
196	FUMtr	FUMtr	META:TRANS-RXN0-553			MNXR99715	MAR09828				SBO:0000185	rxn08544;rxn11013	0		FUMtr
197	G6PDA	G6PDA		3.5.99.6	R00765	MNXR99905	MAR04299		12172		SBO:0000176	rxn00552	0		G6PDA
198	G6PDH2	G6PDH2r	META:GLU6PDEHYDROG-RXN	1.1.1.363;1.1.1.49	R00835	MNXR99907	MAR08971		15841	1176;6509	SBO:0000176	rxn00604	0		G6PDH2c;G6PDH2r
199	GALK	GALKr	META:GALACTOKIN-RXN	2.7.1.6	R01092	MNXR99985	MAR04130		13556;13554;13555;13553	1354	SBO:0000176	rxn00808	0		GALK
200	GALOR	GALOR	META:RXN-12078	1.1.1.21	R01095	MNXR100012	MAR08766		37967	1357	SBO:0000176	rxn11552	0		GALOR
201	GALT	GALT	META:UTPHEXPURIDYLYLTRANS-RXN	2.7.7.10;2.7.7.64	R00502	MNXR100027	MAR08767		14209	932	SBO:0000176	rxn00355	0		GALT
202	GALU	GALUi	META:GLUC1PURIDYLTRANS-RXN	2.7.7.9;2.7.7.64	R00289	MNXR100022	MAR03944	R-HSA-70286	19889	8973;68	SBO:0000176	rxn00213	0		GALU
203	GALt1r	GALt1r				MNXR100025	MAR04858		34918;34917;34916;34915	7001	SBO:0000185	rxn10911;rxn08585	0		GALt1r
204	GAMt1r	GAMt1r				MNXR100035	MAR04996				SBO:0000185	rxn08593	0	2.A.1.1.29	GAMt1r
205	GAPD	GAPD	META:GAPOXNPHOSPHN-RXN	1.2.1.12;1.2.1.59	R01061	MNXR100040	MAR04373	R-HSA-70449;R-HSA-70482	10300	7844	SBO:0000176	rxn00781	0		GAPD
206	GGLUCTC	GGLUCT				MNXR100126	MAR08770				SBO:0000185		0		GGLUCT
207	GK1	GK1	META:GUANYL-KIN-RXN	2.7.4.8	R00332	MNXR100144	MAR04020		20780	77	SBO:0000176	rxn00239	0		GK1
208	GLCt1	GLCt1	META:TRANS-RXN0-574			MNXR100238	MAR05029			7002;601	SBO:0000185	rxn09875;rxn09679;rxn08617	0	2.A.1.1.29	GLCGLUT2;GLCt1r
209	GLNS	GLNS	META:GLUTAMINESYN-RXN	6.3.1.2	R00253	MNXR100024	MAR03890	R-HSA-70606	16169	760	SBO:0000176	rxn00187	0		GLNS
210	GLNt4	GLNt4				MNXR100261	MAR05308	R-HSA-212642			SBO:0000185	rxn05216	0	2.A.18.6.5	GLNt4
211	GLUCYS	GLUCYS	META:GLUTCYSLIG-RXN	6.3.2.2	R00894	MNXR100074	MAR04324	R-HSA-174367	13285	1217	SBO:0000176	rxn00646	0		GLUCYS
212	GLYCt	GLYCt	META:TRANS-RXN-131			MNXR100343	MAR00444	R-HSA-507871;R-HSA-507869;R-HSA-432049;R-HSA-432074	29675		SBO:0000185	rxn05581;rxn08654;rxn08658	0		GLYCt;GLYCTDle
213	GLYK	GLYK	META:GLYCEROL-KIN-RXN	2.7.1.30	R00847	MNXR100348	MAR00450	R-HSA-75887	21644	99	SBO:0000176	rxn00615	0		GLYK
214	GLYOX	GLYOX	META:GLYOXII-RXN	3.1.2.6	R01736	MNXR100353	MAR03857		25245	9752;283	SBO:0000176	rxn01274	0		GLYOX
215	GLY_Cl_2Nat	GLYt7_211_r				MNXR100369	MAR05455				SBO:0000185		0	2.A.22.2.2	GLYt7_211_r
216	GMPR	GMPR	META:GMP-REDUCT-RXN	1.7.1.7	R01134	MNXR100382	MAR04419		17185		SBO:0000176	rxn00837	0		GMPR;r0276
217	GMPS2	GMPS2	META:GMP-SYN-GLUT-RXN	6.3.5.2	R01231	MNXR100384	MAR04046		11680	215	SBO:0000176	rxn00917	0		GMPS2
218	GND	GND	META:RXN-9952	1.1.1.44;1.1.1.351	R01528	MNXR100389	MAR04474	R-HSA-71299	10116	108	SBO:0000176	rxn01115	0		GND
219	GPAT_16_0	GPAM_hs_16_0				MNXR100402					SBO:0000176				
220	GPAT_18_9Z	GPAM_hs_18_1				MNXR100406					SBO:0000176				
221	GPAT_18_9Z12Z	GPAM_hs_18_2				MNXR100407					SBO:0000176				
222	GPDDA1	GPDDA1	META:3.1.4.2-RXN	3.1.4.46;3.1.4.2	R01030	MNXR100410	MAR00635	R-HSA-1483116;R-HSA-6814132	16061	1318	SBO:0000176	rxn00758	0		GPDDA1
223	GTHDH	GTHDH	META:1.8.5.1-RXN	1.8.5.1	R01108	MNXR100442	MAR08620	R-HSA-198813	24424	1372	SBO:0000176	rxn00821	0		GTHDH
224	GTHOXABCte	GTHOXti2				MNXR100444	MAR11312				SBO:0000185		0		GTHOXti2
225	GTHOy	GTHOr	META:GLUTATHIONE-REDUCT-NADPH-RXN	1.8.1.7	R00115	MNXR100098	MAR04118	R-HSA-3323079;R-HSA-71682	11740	695	SBO:0000176	rxn00086	0		GTHO
226	GTHP	GTHPi	META:GLUTATHIONE-PEROXIDASE-RXN	1.11.1.9	R00274	MNXR100446	MAR04116	R-HSA-3341397;R-HSA-71676;R-HSA-3341277;R-HSA-3323013;R-HSA-3343700	16833	376	SBO:0000176	rxn00205	0		GTHP
227	GTHS	GTHS	META:GLUTATHIONE-SYN-RXN	6.3.2.3	R00497	MNXR100450	MAR04326	R-HSA-174394	13557	927	SBO:0000176	rxn00351	0		GTHS
228	GUACYC	GUACYC	META:GUANYLCYC-RXN	4.6.1.2;4.6.1.1	R00434	MNXR100463	MAR04022		13665		SBO:0000176	rxn00307	0		GUACYC
229	GUAPRT	GUAPRT	META:GUANPRIBOSYLTRAN-RXN	2.4.2.8;2.4.2.7;2.4.2.22	R01229	MNXR100409	MAR04452		25424	195	SBO:0000176	rxn00915	0		GUAPRT
230	GULN3D	GULN3D	META:L-GULONATE-3-DEHYDROGENASE-RXN	1.1.1.45	R02640	MNXR100471	MAR08352	R-HSA-5661290	12889	2539	SBO:0000176	rxn01913	0		GULN3D
231	GULND	GULND		1.1.1.19;1.1.1.2	R01481	MNXR100472	MAR06537		14909	11210	SBO:0000176	rxn01079	0		RE0383C
232	H2O2t	H2O2t	META:TRANS-RXN-284;META:TRANS-RXN0-572			MNXR98640	MAR08408	R-HSA-3779381			SBO:0000185	rxn13308;rxn08685	0		H2O2t
233	H2Ot	H2Ot	META:TRANS-RXN-145;META:TRANS-RXN0-547			MNXR98641	MAR04885	R-HSA-432065;R-HSA-432054;R-HSA-432067;R-HSA-445714;R-HSA-507870;R-HSA-432010;R-HSA-507868	29667		SBO:0000185	rxn08687;rxn08686;rxn09745;rxn09838;rxn09874;rxn09812;rxn09643;rxn05319	0		H2Ot
234	HCO3E	HCO3E	META:RXN0-5224;META:CARBODEHYDRAT-RXN	4.2.1.1	R10092	MNXR100482	MAR03955	R-HSA-1237059;R-HSA-1475028;R-HSA-1237047;R-HSA-1475435;R-HSA-1237081;R-HSA-1475032;R-HSA-1475022;R-HSA-1237045;R-HSA-1475025;R-HSA-1475436;R-HSA-1475026;R-HSA-1475017	10748	703	SBO:0000176	rxn00102	0		H2CO3D
235	HCO3_Cltex	HCO3_CLt				MNXR100574	MAR06525	R-HSA-1247665;R-HSA-1237038;R-HSA-427666;R-HSA-425482			SBO:0000185		0		HCO3_CLt
236	HCYSte	HCYSte				MNXR100580	MAR11313				SBO:0000185		0		HCYSte
237	HEX1	HEX1	META:GLUCOKIN-RXN	2.7.1.1;2.7.1.2	R00299	MNXR100612	MAR04394		17825	9175;793;6915	SBO:0000176	rxn00216	0		HEX1
238	HEX10	HEX10	META:GLUCOSAMINE-KINASE-RXN	2.7.1.1;2.7.1.8	R01961	MNXR100613	MAR04494		10948	2008	SBO:0000176	rxn01439	0		HEX10
239	HEX4	HEX4	META:MANNKIN-RXN	2.7.1.1;2.7.1.7	R01326	MNXR95795	MAR04490		11028	575	SBO:0000176	rxn00975	0		HEX4
240	HEX7	HEX7		2.7.1.1;2.7.1.4	R00760	MNXR100614	MAR04319		16125		SBO:0000176		0		HEX7
241	HMBS	HMBS	META:OHMETHYLBILANESYN-RXN	2.5.1.61;4.3.1.8	R00084	MNXR100658	MAR04746	R-HSA-189406	13185	669	SBO:0000176	rxn00060	0		HMBS
242	HOXG	HOXG		1.14.99.3		MNXR100681	MAR01450				SBO:0000176		0		HOXG
243	HXPRT	HXPRT	META:HYPOXANPRIBOSYLTRAN-RXN	2.4.2.8	R01132	MNXR100752	MAR04418		17973	81	SBO:0000176	rxn00836	0		HXPRT
244	HYXNt	HYXNt	META:TRANS-RXN0-579;META:TRANS-RXN0-562			MNXR100749	MAR04848				SBO:0000185	rxn10143;rxn08737;rxn08738	0	2.A.57.1.4	HYXNt
245	Ht	Ht	META:RXN-14452			MNXR100765	MAR11318	R-HSA-2534378;R-HSA-170026;R-HSA-74723	34979		SBO:0000185	rxn11009;rxn08730	0		The
246	ICDHy	ICDHyr		1.1.1.42	R00267	MNXR100781	MAR00710		19629	269	SBO:0000176	rxn00198	0		ICDHy
247	IMPD	IMPD	META:IMP-DEHYDROG-RXN	1.1.1.205	R01130	MNXR100830	MAR04040	R-HSA-73794	11708	128	SBO:0000176	rxn00834	0		IMPD
248	INSt	INSt				MNXR100849	MAR05042				SBO:0000185	rxn08754	0	2.A.57.1.4	INSt
249	KCCt	KCCt				MNXR100930	MAR05990	R-HSA-426155			SBO:0000185		0	2.A.30.5.1	KCCt
250	LDH_L	LDH_L	META:L-LACTATE-DEHYDROGENASE-RXN	1.1.1.27	R00703	MNXR101040	MAR04388	R-HSA-6807826;R-HSA-70510;R-HSA-71849	23444	61	SBO:0000176	rxn00499	0		LDH_L
251	LDPAMMT	DOPAMT	META:RXN6666-7	2.1.1.6	R04301	MNXR97752	MAR06763		72255		SBO:0000176	rxn02994	0		DOPAMT
252	LDPAMt	DOPAtu				MNXR97758	MAR06732	R-HSA-372542;R-HSA-351596		7032	SBO:0000185	rxn08363	0	2.A.1.19.1;2.A.1.19.6;2.A.1.19.3	DOPAtu
253	LEUKTRA4t	LEUKTRA4t				MNXR101044	MAR06254				SBO:0000185		0		LEUKTRA4t
254	LEUKTRB4t	LEUKTRB4t				MNXR101045	MAR06255				SBO:0000185		0		LEUKTRB4t
255	LGTHL	LGTHL	META:GLYOXI-RXN	4.4.1.5	R02530	MNXR100355	MAR03853	R-HSA-5694071	19069	177	SBO:0000176	rxn01834	0		LGTHL
256	LPAAT_16_0_16_0	AGPAT1_16_0_16_0				MNXR95581					SBO:0000176				
257	LPAAT_16_0_18_9Z	AGPAT1_16_0_18_1				MNXR95585					SBO:0000176				
258	LPAAT_16_0_18_9Z12Z	AGPAT1_16_0_18_2				MNXR95586					SBO:0000176				
259	LPAAT_18_9Z12Z_16_0	AGPAT1_18_2_16_0				MNXR95597					SBO:0000176				
260	LPAAT_18_9Z12Z_18_9Z	AGPAT1_18_2_18_1				MNXR95598					SBO:0000176				
261	LPAAT_18_9Z_18_9Z	AGPAT1_18_1_18_1				MNXR95594					SBO:0000176				
262	LPAAT_18_9Z_18_9Z12Z	AGPAT1_18_1_18_2				MNXR95595					SBO:0000176				
263	LPCLPLB_16_0	LPASE_16_0				MNXR101123					SBO:0000176				
264	LPCLPLB_18_9Z	LPASE_18_1				MNXR101125					SBO:0000176				
265	LPCLPLB_18_9Z12Z	LPASE_18_2				MNXR101126					SBO:0000176				
266	LTA4H	LTA4H		3.3.2.6	R03057	MNXR107919	MAR01080		22324		SBO:0000176		0		LTA4H
267	L_LACt2	L_LACt2r	META:TRANS-RXN-104			MNXR101277	MAR05998	R-HSA-373867;R-HSA-373875	29418;29415;29416;29417		SBO:0000185	rxn05602;rxn08794;rxn13334	0	2.A.1.13.1	L_LACt2r
268	MALt	MALt	META:TRANS-RXN-225;META:TRANS-RXN-224			MNXR101367	MAR09030			13793	SBO:0000185	rxn10967;rxn08868	0		MAL_Lte
269	MAN6PI	MAN6PI	META:MANNPISOM-RXN	5.3.1.8	R00772	MNXR101382;MNXR106679	MAR04383		12356		SBO:0000176		0		MAN6PI
270	MANt1r	MANt1r				MNXR101402	MAR04973			11452	SBO:0000185	rxn12997;rxn08886	0		MANt1r
271	MDH	MDH	META:MALATE-DEH-RXN	1.1.1.37;1.1.1.299	R00342	MNXR101439	MAR04139	R-HSA-71783;R-HSA-70979;R-HSA-198508	21432	113	SBO:0000176	rxn00248	0		MDH
272	MDRPD	MDRPD	META:R145-RXN	4.2.1.109	R07392	MNXR101445	MAR05386	R-HSA-1237140	15549		SBO:0000176	rxn05104	0		MDRPD
273	ME2	ME2	META:MALIC-NADP-RXN	1.1.1.40	R00216	MNXR101443	MAR04089		18253	142	SBO:0000176	rxn00161	0		ME2
274	MEPIVESSte	MEPIVESSte				MNXR101465	MAR08922				SBO:0000185		0		
275	METAT	METAT	META:S-ADENMETSYN-RXN	2.5.1.6	R00177	MNXR101407	MAR03875	R-HSA-174391;R-HSA-5603114	21080	96	SBO:0000176	rxn00126	0		METAT
276	METtec	METtec				MNXR101493	MAR05073			13469;13461	SBO:0000185	rxn08920;rxn10976	0	2.A.3.3;2.A.3.8;2.A.1.44	METtec
277	MGSA	MGSA	META:METHGLYSYN-RXN	4.2.3.3	R01016	MNXR101551	MAR08516		17937	176	SBO:0000176	rxn00748	0		MGSA
278	MI1345P5PP	MI1345PP			R03430	MNXR108164	MAR06565		11392		SBO:0000176		0		MI1345PP
279	MI145P3K	MI145PK			R03433	MNXR108166	MAR06563		11020		SBO:0000176		0		MI145PK
280	MI145P5PP	MI145PP			R03394	MNXR108142	MAR06560		19797		SBO:0000176		0		MI145PP
281	MI1PP	MI1PP	META:RXN0-5408	3.1.3.25	R01185	MNXR101570	MAR06540	R-HSA-1855154	27670	1422	SBO:0000176	rxn00881	0		MI1PP
282	MI1PS	MI1PS		5.5.1.4	R00840	MNXR101571	MAR04308				SBO:0000176	rxn00609	0		MI1PS
283	MTAP	MTAP	META:5-METHYLTHIOADENOSINE-PHOSPHORYLASE-RXN	2.4.2.28	R01402	MNXR101745	MAR05384	R-HSA-1237160	11852	1594	SBO:0000176	rxn01022	0		MTAP
284	MTRI	MTRI	META:5.3.1.23-RXN	5.3.1.23	R04420	MNXR101759	MAR05385	R-HSA-1237096;R-HSA-1299507	19989		SBO:0000176	rxn03057	0		MTRI
285	NACt	NACt				MNXR101808	MAR04989	R-HSA-8869603			SBO:0000185	rxn08970;rxn05310;rxn08969	0		NACDe;NACUP
286	NADHload	DM_nadh		1.8.1.15		MNXR97602					SBO:0000176	rxn14429;rxn12950			
287	NADK	NADK	META:NAD-KIN-RXN	2.7.1.23	R00104	MNXR101882	MAR04269	R-HSA-197198	18629	47	SBO:0000176	rxn00077	0		NADK
288	NADPN	NADPN		3.2.2.6	R00119	MNXR106397	MAR07627		19849		SBO:0000176		0		NADPN
289	NADS2	NADS2	META:NAD-SYNTH-GLN-RXN	6.3.5.1	R00257	MNXR97678	MAR04260	R-HSA-197271	24384		SBO:0000176	rxn00190	0		NADS2
290	NAt	NAt	META:TRANS-RXN-189			MNXR101804	MAR01527	R-HSA-2671885;R-HSA-3295580;R-HSA-5576895;R-HSA-2730664;R-HSA-2672334	34963;34966;34965;34964	12962	SBO:0000185	rxn08985;rxn10899	0		NAt
291	NCAMt	NCAMUP				MNXR101918	MAR04969				SBO:0000185	rxn10867	0		NCAMDe;NCAMUP
292	NDPK1	NDPK1	META:GDPKIN-RXN	2.7.4.6	R00330	MNXR96119	MAR04016		27686	138	SBO:0000176	rxn00237	0		NDPK1
293	NDPK2	NDPK2	META:UDPKIN-RXN	2.7.4.6	R00156	MNXR101935	MAR04006		25098	199	SBO:0000176	rxn00117	0		NDPK2
294	NDPK3	NDPK3	META:CDPKIN-RXN	2.7.4.6	R00570	MNXR101936	MAR04028		25237		SBO:0000176	rxn00409	0		NDPK3
295	NH4t3r	NH4t3r				MNXR101951	MAR01534	R-HSA-444419;R-HSA-446277;R-HSA-446278;R-HSA-444393			SBO:0000185		0		NH4t3r
296	NICHYD	NT5C	META:RXN-14227	3.1.3.5;3.1.3.-	R03346	MNXR102027	MAR04252		30935		SBO:0000176	rxn02400	0		NT5C
297	NICRNS	NICRNS	META:RXN-8443	2.7.1.173	R03347	MNXR101960	MAR04253	R-HSA-8869606;R-HSA-8869607	25568		SBO:0000176	rxn02401	0		NICRNS
298	NMNAT	NMNAT	META:2.7.7.1-RXN	2.7.7.18;2.7.7.1	R00137	MNXR95841	MAR01542	R-HSA-8939959	21361;21362;21360;21363	706	SBO:0000176	rxn00105	0		NMNATr
299	NMNHYD	NMNHYD	META:RXN-5841	3.1.3.5;3.1.3.-	R02323	MNXR101970	MAR04264	R-HSA-8940074	30816;30818;30817;30815		SBO:0000176	rxn01670	0		NTD5_a
300	NNAT	NNATr	META:NICONUCADENYLYLTRAN-RXN	2.7.7.18;2.7.7.1	R03005	MNXR101978	MAR04257	R-HSA-200512;R-HSA-200474;R-HSA-197235	22860	2857	SBO:0000176	rxn02155	0		NNATr
301	NORMETEVESSte	NORMETEVESSte				MNXR102002	MAR11314				SBO:0000185		0		NORMETEVESSte
302	NRPPHRt	NRPPHRtu				MNXR102019	MAR06241	R-HSA-351604;R-HSA-374896;R-HSA-374919			SBO:0000185		0	2.A.1.19.1	NRPPHRtu
303	NTD11	NTD11	META:RXN-7607	3.1.3.5;3.1.3.99	R01126	MNXR102030	MAR04417		27718	124	SBO:0000176	rxn00831	0		NTD11
304	NTD2	NTD2	META:RXN-14025	3.1.3.5	R00963	MNXR102032	MAR03970		29359	210	SBO:0000176	rxn00708	0		NTD2
305	NTD7	NTD7	META:AMP-DEPHOSPHORYLATION-RXN	3.1.3.5	R00183	MNXR102037	MAR04010	R-HSA-109415	29375	295	SBO:0000176	rxn00132	0		NTD7
306	NTD9	NTD9	META:RXN-7609	3.1.3.5	R01227	MNXR100381	MAR04449		27714	186	SBO:0000176	rxn00913	0		NTD9
307	NaKt	NaKt	META:3.6.3.9-RXN	3.6.3.9		MNXR102073	MAR05429				SBO:0000185		0	3.A.3.1.1	
308	O2t	O2t	META:TRANS-RXN0-474			MNXR102090	MAR04896				SBO:0000185	rxn09641;rxn05468;rxn09031;rxn09032;rxn09734	0		O2t
309	OMPDC	OMPDC	META:OROTPDECARB-RXN	4.1.1.23	R00965	MNXR102190	MAR04036	R-HSA-73564	11596	463	SBO:0000176	rxn00710	0		OMPDC
310	OPAH	OPAH	META:5-OXOPROLINASE-ATP-HYDROLYSING-RXN	3.5.2.9	R00251	MNXR102200	MAR03889	R-HSA-1247935	10348	8623	SBO:0000176	rxn00186	0		OPAHir
311	ORNDC	ORNDC	META:ORNDECARBOX-RXN	4.1.1.17	R00670	MNXR102209	MAR04212	R-HSA-70692	22964	1050	SBO:0000176	rxn00470	0		ORNDC
312	OROATP	OROATP				MNXR102227	MAR11315				SBO:0000185	rxn10978	0		OROte
313	ORPT	ORPT	META:OROPRIBTRANS-RXN	2.4.2.10	R01870	MNXR102231	MAR04577	R-HSA-73567	10380	401	SBO:0000176	rxn01362	0		ORPT
314	PAPP_16_0_16_0	PPAP_16_0_16_0				MNXR103074					SBO:0000176				
315	PAPP_16_0_18_9Z	PPAP_16_0_18_1				MNXR103076					SBO:0000176				
316	PAPP_16_0_18_9Z12Z	PPAP_16_0_18_2				MNXR103077					SBO:0000176				
317	PAPP_18_9Z12Z_16_0	PPAP_18_2_16_0				MNXR103086					SBO:0000176				
318	PAPP_18_9Z12Z_18_9Z	PPAP_18_2_18_1				MNXR103087					SBO:0000176				
319	PAPP_18_9Z_18_9Z	PPAP_18_1_18_1				MNXR103083					SBO:0000176				
320	PAPP_18_9Z_18_9Z12Z	PPAP_18_1_18_2				MNXR103084					SBO:0000176				
321	PCPLA2_16_0_16_0	PLA2_2_16_0_16_0				MNXR102879					SBO:0000176				
322	PCPLA2_16_0_18_9Z	PLA2_2_16_0_18_1				MNXR102881					SBO:0000176				
323	PCPLA2_16_0_18_9Z12Z	PLA2_2_16_0_18_2				MNXR102882					SBO:0000176				
324	PCPLA2_18_9Z12Z_16_0	PLA2_2_18_2_16_0				MNXR102891					SBO:0000176				
325	PCPLA2_18_9Z12Z_18_9Z	PLA2_2_18_2_18_1				MNXR102892					SBO:0000176				
326	PCPLA2_18_9Z_18_9Z	PLA2_2_18_1_18_1				MNXR102888					SBO:0000176				
327	PCPLA2_18_9Z_18_9Z12Z	PLA2_2_18_1_18_2				MNXR102889					SBO:0000176				
328	PDEA	PDE1	META:RXN0-5038	3.1.4.53;3.1.4.17	R00191	MNXR95886	MAR04014	R-HSA-418553;R-HSA-111962;R-HSA-111955;R-HSA-162425	25277	292	SBO:0000176	rxn00140	0		PDE1
329	PDX5PO	PDX5POi	META:PNPOXI-RXN	1.4.3.5	R00278	MNXR102438	MAR04067	R-HSA-965019	15149	778	SBO:0000176	rxn00209	0		PDX5PO
330	PDXPP	PDXPP	META:RXN-14181	3.1.3.74	R01911	MNXR102440	MAR08725		25112	1965	SBO:0000176	rxn01398	0		PDXPP
331	PETHCT	PETHCT	META:2.7.7.14-RXN	2.7.7.14	R02038	MNXR102498	MAR00651	R-HSA-1483190	24592	2060	SBO:0000176	rxn01479	0		PETHCT
332	PFK	PFK		2.7.1.11	R00756	MNXR102507;MNXR106666	MAR04379		16109		SBO:0000176		0		PFK
333	PFK26	PFK26	META:6-PHOSPHOFRUCTO-2-KINASE-RXN	2.7.1.105	R00757	MNXR102508	MAR04297		15654;15656;15653;15655	6735	SBO:0000176		0		PFK26
334	PGI	PGI	META:PGLUCISOM-RXN	5.3.1.9	R00771	MNXR102535;MNXR106678	MAR04381		11816		SBO:0000176		0		PGI
335	PGK	PGK	META:PHOSGLYPHOS-RXN	2.7.2.3	R01512	MNXR102538	MAR04368	R-HSA-70486;R-HSA-71850	14801	7644	SBO:0000176	rxn01100	0		PGK
336	PGL	PGL	META:6PGLUCONOLACT-RXN	3.1.1.31	R02035	MNXR102539	MAR04625	R-HSA-71296	12556	109	SBO:0000176	rxn01476	0		PGL
337	PGM	PGM	META:3PGAREARR-RXN;META:RXN-15513	5.4.2.1;5.4.2.11;5.4.2.12	R01518	MNXR102547	MAR04365	R-HSA-71445;R-HSA-71654	15901	7641	SBO:0000176	rxn01106	0		PGM
338	PGMT	PGMT	META:RXN-16999;META:PHOSPHOGLUCMUT-RXN	5.4.2.2;5.4.2.8;5.4.2.5	R08639	MNXR102528;MNXR102548	MAR04396			12817;7674	SBO:0000176	rxn00704	0		PGMT
339	PHETA1	PHETA1	META:PHEAMINOTRANS-RXN;META:RXN-10814	2.6.1.57;2.6.1.5;2.6.1.9;2.6.1.1	R00694	MNXR102631	MAR06725		25152	1074	SBO:0000176	rxn00493	0		PHETA1
340	PHEtec	PHEtec	META:RXN66-445			MNXR102637	MAR05082		27952;27951;27950;27953	13470;14018	SBO:0000185	rxn11018;rxn09118	0	2.A.3.3;2.A.3.8;2.A.1.44	PHEtec
341	PI45P5P_16_0_16_0	PI45P5P_16_0_16_0				MNXR102719					SBO:0000176				
342	PI45P5P_16_0_18_9Z	PI45P5P_16_0_18_1				MNXR102720					SBO:0000176				
343	PI45P5P_16_0_18_9Z12Z	PI45P5P_16_0_18_2				MNXR102721					SBO:0000176				
344	PI45P5P_18_9Z12Z_16_0	PI45P5P_18_2_16_0				MNXR102724					SBO:0000176				
345	PI45P5P_18_9Z12Z_18_9Z	PI45P5P_18_2_18_1				MNXR102725					SBO:0000176				
346	PI45P5P_18_9Z_18_9Z	PI45P5P_18_1_18_1				MNXR102722					SBO:0000176				
347	PI45P5P_18_9Z_18_9Z12Z	PI45P5P_18_1_18_2				MNXR102723					SBO:0000176				
348	PI45PLC_16_0_16_0	PI45PLC_16_0_16_0				MNXR102728					SBO:0000176				
349	PI45PLC_16_0_18_9Z	PI45PLC_16_0_18_1				MNXR102730					SBO:0000176				
350	PI45PLC_16_0_18_9Z12Z	PI45PLC_16_0_18_2				MNXR102731					SBO:0000176				
351	PI45PLC_18_9Z12Z_16_0	PI45PLC_18_2_16_0				MNXR102740					SBO:0000176				
352	PI45PLC_18_9Z12Z_18_9Z	PI45PLC_18_2_18_1				MNXR102741					SBO:0000176				
353	PI45PLC_18_9Z_18_9Z	PI45PLC_18_1_18_1				MNXR102737					SBO:0000176				
354	PI45PLC_18_9Z_18_9Z12Z	PI45PLC_18_1_18_2				MNXR102738					SBO:0000176				
355	PI4K_16_0_16_0	PIK4_16_0_16_0				MNXR102826					SBO:0000176				
356	PI4K_16_0_18_9Z	PIK4_16_0_18_1				MNXR102828					SBO:0000176				
357	PI4K_16_0_18_9Z12Z	PIK4_16_0_18_2				MNXR102829					SBO:0000176				
358	PI4K_18_9Z12Z_16_0	PIK4_18_2_16_0				MNXR102838					SBO:0000176				
359	PI4K_18_9Z12Z_18_9Z	PIK4_18_2_18_1				MNXR102839					SBO:0000176				
360	PI4K_18_9Z_18_9Z	PIK4_18_1_18_1				MNXR102835					SBO:0000176				
361	PI4K_18_9Z_18_9Z12Z	PIK4_18_1_18_2				MNXR102836					SBO:0000176				
362	PI4P5K_16_0_16_0	PI4P5K_16_0_16_0				MNXR102767					SBO:0000176				
363	PI4P5K_16_0_18_9Z	PI4P5K_16_0_18_1				MNXR102771					SBO:0000176				
364	PI4P5K_16_0_18_9Z12Z	PI4P5K_16_0_18_2				MNXR102772					SBO:0000176				
365	PI4P5K_18_9Z12Z_16_0	PI4P5K_18_2_16_0				MNXR102783					SBO:0000176				
366	PI4P5K_18_9Z12Z_18_9Z	PI4P5K_18_2_18_1				MNXR102784					SBO:0000176				
367	PI4P5K_18_9Z_18_9Z	PI4P5K_18_1_18_1				MNXR102780					SBO:0000176				
368	PI4P5K_18_9Z_18_9Z12Z	PI4P5K_18_1_18_2				MNXR102781					SBO:0000176				
369	PI4PLC_16_0_16_0	PI4PLC_16_0_16_0				MNXR102791					SBO:0000176				
370	PI4PLC_16_0_18_9Z	PI4PLC_16_0_18_1				MNXR102793					SBO:0000176				
371	PI4PLC_16_0_18_9Z12Z	PI4PLC_16_0_18_2				MNXR102794					SBO:0000176				
372	PI4PLC_18_9Z12Z_16_0	PI4PLC_18_2_16_0				MNXR102803					SBO:0000176				
373	PI4PLC_18_9Z12Z_18_9Z	PI4PLC_18_2_18_1				MNXR102804					SBO:0000176				
374	PI4PLC_18_9Z_18_9Z	PI4PLC_18_1_18_1				MNXR102800					SBO:0000176				
375	PI4PLC_18_9Z_18_9Z12Z	PI4PLC_18_1_18_2				MNXR102801					SBO:0000176				
376	PI4PP_16_0_16_0	PI4PP_16_0_16_0				MNXR102809					SBO:0000176				
377	PI4PP_16_0_18_9Z	PI4PP_16_0_18_1				MNXR102810					SBO:0000176				
378	PI4PP_16_0_18_9Z12Z	PI4PP_16_0_18_2				MNXR102811					SBO:0000176				
379	PI4PP_18_9Z12Z_16_0	PI4PP_18_2_16_0				MNXR102814					SBO:0000176				
380	PI4PP_18_9Z12Z_18_9Z	PI4PP_18_2_18_1				MNXR102815					SBO:0000176				
381	PI4PP_18_9Z_18_9Z	PI4PP_18_1_18_1				MNXR102812					SBO:0000176				
382	PI4PP_18_9Z_18_9Z12Z	PI4PP_18_1_18_2				MNXR102813					SBO:0000176				
383	PIPLC_16_0_16_0	PIPLC_16_0_16_0				MNXR102852					SBO:0000176				
384	PIPLC_16_0_18_9Z	PIPLC_16_0_18_1				MNXR102854					SBO:0000176				
385	PIPLC_16_0_18_9Z12Z	PIPLC_16_0_18_2				MNXR102855					SBO:0000176				
386	PIPLC_18_9Z12Z_16_0	PIPLC_18_2_16_0				MNXR102864					SBO:0000176				
387	PIPLC_18_9Z12Z_18_9Z	PIPLC_18_2_18_1				MNXR102865					SBO:0000176				
388	PIPLC_18_9Z_18_9Z	PIPLC_18_1_18_1				MNXR102861					SBO:0000176				
389	PIPLC_18_9Z_18_9Z12Z	PIPLC_18_1_18_2				MNXR102862					SBO:0000176				
390	PIt	PIt	META:TRANS-RXN0-470			MNXR102871	MAR02351		32823	10985	SBO:0000185	rxn10838;rxn09722;rxn09121;rxn13178	0		r1423
391	PMANM	PMANM	META:PHOSMANMUT-RXN	5.4.2.8	R01818	MNXR101729	MAR04385	R-HSA-446201	11140	69	SBO:0000176	rxn01329	0		PMANM
392	PNP	PNP	META:RXN0-7092	2.4.2.1;2.4.2	R02294	MNXR103048	MAR08791				SBO:0000176	rxn01646	0		PNP
393	PNP2	NP1		2.4.2.1	R02295	MNXR102011	MAR04662				SBO:0000176	rxn01647	0		NP1
394	PPA	PPA	META:INORGPYROPHOSPHAT-RXN	3.6.1.1	R00004	MNXR100808	MAR03977	R-HSA-449937;R-HSA-71732;R-HSA-6788912	24576	76	SBO:0000176	rxn00001;rxn11226	0		PPA
395	PPBNGS	PPBNGS	META:PORPHOBILSYNTH-RXN	4.2.1.24	R00036	MNXR103095	MAR04744	R-HSA-189439	24064		SBO:0000176	rxn00029	0		PPBNGS
396	PPM	PPM	META:RXN-14456	5.4.2.7;5.4.2.2;5.4.2	R01057	MNXR103115;MNXR106810	MAR04354		18793	2261	SBO:0000176		0		PPM
397	PPPGO	PPPGO		1.3.3.4		MNXR103128	MAR11316			3048	SBO:0000176	rxn09179;rxn02304	0		PPPGOc
398	PRPPS	PRPPS		2.7.6.1	R01049	MNXR103215;MNXR106802	MAR04052		15609		SBO:0000176		0		PRPPS
399	PTRCtex2	PTRCtex2				MNXR103339	MAR08989				SBO:0000185	rxn09216;rxn13393	0		PTCRTD
400	PUNP1	PUNP1	META:ADENPHOSPHOR-RXN	2.4.2.1	R01561	MNXR103343	MAR08486		27642	133	SBO:0000176	rxn01138	0		PUNP1
401	PUNP3	PUNP3	META:RXN0-5199	2.4.2.15;2.4.2.1	R02147	MNXR103345	MAR04651		13233	187	SBO:0000176	rxn01548	0		PUNP3
402	PUNP5	PUNP5	META:INOPHOSPHOR-RXN	2.4.2.15;2.4.2.1	R01863	MNXR103347	MAR04574		27646	125	SBO:0000176	rxn01358	0		PUNP5
403	PYAM5PO	PYAM5PO	META:PMPOXI-RXN	1.4.3.5	R00277	MNXR103355	MAR04069	R-HSA-965079	15817	777	SBO:0000176	rxn00208	0		PYAM5POr
404	PYDAMK	PYDAMK	META:PYRAMKIN-RXN	2.7.1.35	R02493	MNXR103357	MAR04068	R-HSA-964958	25104	2423	SBO:0000176	rxn01807	0		PYDAMK
405	PYDAMtr	PYDAMtr	META:TRANS-RXN0-213			MNXR103358	MAR05010		28466		SBO:0000185		0		PYDAMtr
406	PYDXDH	PYDXDH		1.2.3.8	R01709	MNXR103360;MNXR107137	MAR08102		23724		SBO:0000176		0		PYDXDH
407	PYDXK	PYDXK	META:PYRIDOXKIN-RXN	2.7.1.35	R00174	MNXR103361	MAR04065	R-HSA-964970	10224	729	SBO:0000176	rxn00124	0		PYDXK
408	PYDXNK	PYDXNK	META:PNKIN-RXN	2.7.1.35	R01909	MNXR103362	MAR04066	R-HSA-964962	25108	1963	SBO:0000176	rxn01396	0		PYDXNK
409	PYDXNtr	PYDXNtr	META:TRANS-RXN0-205			MNXR103364	MAR04993		28470		SBO:0000185	rxn13097	0		PYDXNtr
410	PYDXPP	PYDXPP	META:3.1.3.74-RXN	3.1.3.74	R00173	MNXR103368	MAR04064		20533	728	SBO:0000176	rxn00123	0		PYDXPP
411	PYDXtr	PYDXtr	META:TRANS-RXN0-214			MNXR103370	MAR04062		28462		SBO:0000185	rxn12666	0		PYDXtr
412	PYK	PYK	META:PEPDEPHOS-RXN	2.7.1.40	R00200	MNXR103371	MAR04358	R-HSA-71670	18157	9	SBO:0000176	rxn00148	0		PYK
413	PYRt2	PYRt2				MNXR103385	MAR04928	R-HSA-372342	64720		SBO:0000185	rxn05469;rxn09832;rxn09717;rxn09217	0	2.A.1.13.1	PYRt2r
414	RBFK	RBFK	META:RIBOFLAVINKIN-RXN	2.7.1.26	R00549	MNXR103429	MAR06506	R-HSA-196964	14357	277	SBO:0000176	rxn00392	0		RBFK
415	RIBFLVABCte	RIBFLVt3o				MNXR104032	MAR09910		61352		SBO:0000185		0		RIBFLVte
416	RIBFLVt3	RIBFLVt3				MNXR104031	MAR08730		61352		SBO:0000185		0		RIBFLVt3
417	RNMK	RNMK	META:RIBOSYLNICOTINAMIDE-KINASE-RXN	2.7.1.22	R02324	MNXR104069	MAR04265	R-HSA-8869627;R-HSA-8869633	14018;14017;14019;14020		SBO:0000176	rxn01671	0		RNMK
418	RPE	RPE	META:RIBULP3EPIM-RXN	5.1.3.1	R01529	MNXR104083	MAR04477	R-HSA-71303;R-HSA-199803	13677	62	SBO:0000176	rxn01116	0		RPE
419	RPI	RPI		5.3.1.6	R01056	MNXR104084;MNXR106809	MAR04352		14657		SBO:0000176		0		RPI
420	SALMCOM	SALMCOM	META:RXN-10906	2.1.1.6	R02534	MNXR104267	MAR06750		72247		SBO:0000176	rxn01838	0		SALMCOM
421	SALMCOM2	SALMCOM2		2.1.1.6	R02920	MNXR107826	MAR06746		72251		SBO:0000176		0		SALMCOM2
422	SBTD_D2	SBTD_D2	META:RXN-7644	1.1.1.14;1.1.1.15	R00875	MNXR104283	MAR04315	R-HSA-5652195	33031	10249;8396;1206	SBO:0000176	rxn00634	0		SBTD_D2
423	SBTR	SBTR		1.1.1.72;1.1.1.19;1.1.1.21;1.1.1.2	R01787	MNXR104287	MAR04316			6777;7816	SBO:0000176	rxn01310	0		SBTR
424	SK_akg_c	SK_akg_c				MNXR95663				13794	SBO:0000632	rxn10923;rxn08096;rxn13220			
425	SK_band_c	SK_band_c				MNXR143364					SBO:0000632				
426	SK_bandmt_c	SK_bandmt_c				MNXR143365					SBO:0000632				
427	SK_for_c	SK_for_c	META:TRANS-RXN-1			MNXR99620		R-HSA-6803255		12483	SBO:0000632	rxn09754;rxn08525;rxn09682;rxn08526			
428	SK_pc_hs_16_0_16_0_c	SK_pchol_hs_16_0_16_0_c				MNXR143374					SBO:0000632				
429	SK_pc_hs_16_0_18_9Z12Z_c	SK_pchol_hs_16_0_18_2_c				MNXR143376					SBO:0000632				
430	SK_pc_hs_16_0_18_9Z_c	SK_pchol_hs_16_0_18_1_c				MNXR143375					SBO:0000632				
431	SK_pc_hs_18_9Z12Z_16_0_c	SK_pchol_hs_18_2_16_0_c				MNXR143379					SBO:0000632				
432	SK_pc_hs_18_9Z12Z_18_9Z_c	SK_pchol_hs_18_2_18_1_c				MNXR143380					SBO:0000632				
433	SK_pc_hs_18_9Z_18_9Z12Z_c	SK_pchol_hs_18_1_18_2_c				MNXR143378					SBO:0000632				
434	SK_pc_hs_18_9Z_18_9Z_c	SK_pchol_hs_18_1_18_1_c				MNXR143377					SBO:0000632				
435	SK_pe_hs_16_0_16_0_c	SK_pe_hs_16_0_16_0_c				MNXR143381					SBO:0000632				
436	SK_pe_hs_16_0_18_9Z12Z_c	SK_pe_hs_16_0_18_2_c				MNXR143383					SBO:0000632				
437	SK_pe_hs_16_0_18_9Z_c	SK_pe_hs_16_0_18_1_c				MNXR143382					SBO:0000632				
438	SK_pe_hs_18_9Z12Z_16_0_c	SK_pe_hs_18_2_16_0_c				MNXR143386					SBO:0000632				
439	SK_pe_hs_18_9Z12Z_18_9Z_c	SK_pe_hs_18_2_18_1_c				MNXR143387					SBO:0000632				
440	SK_pe_hs_18_9Z_18_9Z12Z_c	SK_pe_hs_18_1_18_2_c				MNXR143385					SBO:0000632				
441	SK_pe_hs_18_9Z_18_9Z_c	SK_pe_hs_18_1_18_1_c				MNXR143384					SBO:0000632				
442	SPMDtex2	SPMDtex2				MNXR104495	MAR04994		35039	13767	SBO:0000185	rxn13397;rxn09266	0		r0944;SPMTDe
443	SPMS	SPMS	META:SPERMIDINESYN-RXN	2.5.1.16	R01920	MNXR95860	MAR04075		12721	1974	SBO:0000176	rxn01406	0		SPMS
444	SPRMS	SPRMS	META:SPERMINE-SYNTHASE-RXN	2.5.1.22;2.5.1.16	R02869	MNXR96042	MAR04077		19973	2733	SBO:0000176	rxn02061	0		SPRMS
445	SPRMt2	SPRMt2i				MNXR104501	MAR11317				SBO:0000185	rxn13398	0		SPRMt2r
446	TALA	TALA	META:TRANSALDOL-RXN	2.2.1.2	R08575	MNXR104715	MAR04565		17056;17055;17054;17053		SBO:0000176		0		TALA
447	TDP	TDP	META:RXN0-3542	3.6.1;3.6.1.-;3.6.1.15	R00615	MNXR104756	MAR04208		27998		SBO:0000176	rxn00436	0		TDP
448	THMMPtrbc	THMMPtrbc				MNXR104822	MAR11319				SBO:0000185		0		THMMPtrbc
449	THMTP	THMTP	META:THIAMIN-TRIPHOSPHATASE-RXN	3.6.1.28	R00618	MNXR104825	MAR04207	R-HSA-965067	11744		SBO:0000176	rxn00439	0		THMTP
450	THMt	THMtrbc				MNXR104831	MAR11320			12167	SBO:0000185	rxn11006;rxn09300	0		THMtrbc
451	TKT1	TKT1		2.2.1.1	R01641	MNXR104868;MNXR107105	MAR04501		10508		SBO:0000176		0		TKT1
452	TKT2	TKT2	META:2TRANSKETO-RXN	2.2.1.1	R01067	MNXR104869;MNXR106812	MAR04404		27627;27628;27626;27629		SBO:0000176		0		TKT2
453	TMDPK	TMDPK		2.7.6.2	R00619	MNXR104886	MAR04204		11576		SBO:0000176	rxn00440	0		TMDPK
454	TMDPPK	TMDPPK	META:THIAMIN-DIPHOSPHATE-KINASE-RXN	2.7.6.2;2.7.4.15	R00616	MNXR104888	MAR04206	R-HSA-997381	11240		SBO:0000176	rxn00437	0		TMDPPK
455	TPI	TPI	META:TRIOSEPISOMERIZATION-RXN	5.3.1.1	R01015	MNXR104918	MAR04391	R-HSA-70481;R-HSA-70454	18585	4	SBO:0000176	rxn00747	0		TPI
456	UDPG4E	UDPG4E	META:UDPGLUCEPIM-RXN	5.1.3.2	R00291	MNXR105057	MAR04128	R-HSA-70369	22168	70;8974	SBO:0000176	rxn00214	0		UDPG4E
457	UDPGD	UDPGD	META:UGD-RXN	1.1.1.22	R00286	MNXR105063	MAR04122	R-HSA-173597	23596	8582;784	SBO:0000176	rxn00211	0		UDPGD
458	UDPGNP	UDPGNP	META:RXN3DJ-64	2.4.1.17;3.2.1	R08615	MNXR105069	MAR08729		26073		SBO:0000176	rxn14144	0		UDPGNP
459	UGLT	UGLT	META:GALACTURIDYLYLTRANS-RXN	2.7.7.12	R00955	MNXR105090	MAR04131	R-HSA-70361	13989	1268;8526	SBO:0000176	rxn00701	0		UGLT
460	UMPK1	UMPK	META:RXN-12002	2.7.4.4;2.7.4.22;2.7.4.14	R00158	MNXR105118	MAR04008		24400	201	SBO:0000176	rxn00119	0		UMPK
461	UNK3	UNK3	META:RXN-14147	2.6.1.57;2.6.1.5	R07396	MNXR95923	MAR05391		25796		SBO:0000176	rxn05108	0		UNK3r
462	UPPG3DC	UPPDC1	META:UROGENDECARBOX-RXN	4.1.1.37	R03197	MNXR105140	MAR04750	R-HSA-189425	19865		SBO:0000176	rxn02288	0		UPPDC1
463	UPPG3S	UPP3S	META:UROGENIIISYN-RXN	4.2.1.75	R03165	MNXR105139	MAR04748	R-HSA-189488	18965		SBO:0000176	rxn02264	0		UPP3S
464	UREAt	UREAt	META:TRANS-RXN0-460			MNXR105156	MAR04949	R-HSA-507875;R-HSA-507873;R-HSA-444126	32799		SBO:0000185	rxn09369;rxn05667;rxn09368	0	1.A.28.1.3	UREAt
465	URIt	URIt				MNXR105165	MAR05035				SBO:0000185	rxn10987;rxn09372	0	2.A.57.1.4	URIt
466	XYLK	XYLK	META:XYLULOKIN-RXN	2.7.1.17	R01639	MNXR105255	MAR04595	R-HSA-5662466	10964		SBO:0000176	rxn01199	0		XYLK
467	XYLTD_Dx	XYLTD_D	META:D-XYLULOSE-REDUCTASE-RXN	1.1.1.14;1.1.1.9	R01896	MNXR105262	MAR04593	R-HSA-5662471	20433	1954	SBO:0000176	rxn01385	0		XYLTD_Dr;r0784
468	XYLUR_Ly	XYLUR	META:L-XYLULOSE-REDUCTASE-RXN	1.1.1.10	R01904	MNXR105265	MAR04590	R-HSA-5661240	17025	8234;1959	SBO:0000176	rxn01392	0		XYLUR
