reactions	name	reaction	subsystem	type	lower_bound	upper_bound	unit	references	notes	conversions
EX_for_e	Formate exchange	for_e <=>	Pseudoreactions	exchange	-217360	217360	mmol / (hr * L cells)	pubmed:10028241	Rapid exchange of formate mediated by band 3. Assume transport is symmetric. Calculated volume ~90 fL. Area of RBC used for calculations: 1.43 * 1e-6 cm^2. Vmax = 3.8 (0.4) * 1e-9 mol / cm^2 / s	"3.8 * 1e-9 mol / cm^2 / s
* (1.43 * 1e-6 cm^2 / cell)
* (1 cell / 90e-15 L cells)
* (1e3 mmol / 1 mol)
* (3600 s / 1 hr)"
EX_uri_e	Uridine exchange	uri_e <=> 	Pseudoreactions	exchange	-127.8	127.8	mmol / (hr * L cells)	pubmed:6744292	"Accelerated efflux of uridine in human erythrocytes at 37C: Vmax = 213 pmol / min / 1e6 cells
Assume symmetric transport."	"213 pmol / min / 1e6 cells
* (1 mmol / 1e9 pmol)
* (60 min / 1 hr)
* (1 cell / 100e-15 L cell)"
EX_phe__L_e	L-phenylalanine exchange	phe__L_e <=>	Pseudoreactions	exchange	-64.53	64.53	mmol / (hr * L cells)	pubmed:14154468	"Uptake experiment at 37 C. Mean (SD) Vmax = 1.5 mmol / (L cell water * min).
Assume symmetric transport"	"1.5 mmol / (L cell water * min)
* (60 min / 1)
* (0.717 L water / L cell)"
EX_val__L_e	L-valine exchange	val__L_e <=>	Pseudoreactions	exchange	-43.02	43.02	mmol / (hr * L cells)	pubmed:14154468	"Uptake experiment at 37 C. Mean (SD) Vmax = 1.0 (0.28) mmol / (L cell water * min)
Assume symmetric transport."	"1.0 mmol / (L cell water * min)
* (60 min / 1)
* (0.717 L water / L cell)"
EX_met__L_e	L-methionine exchange	met__L_e <=>	Pseudoreactions	exchange	-24.0912	24.0912	mmol / (hr * L cells)	pubmed:14154468	"Uptake experiment at 37 C. Mean (SD) Vmax = 0.56 (0.13) mmol / (L cell water * min)
Assume symmetric transport"	"0.56 mmol / (L cell water * min)
* (60 min / 1)
* (0.717 L water / L cell)"
EX_leu__L_e	L-leucine exchange	leu__L_e <=>	Pseudoreactions	exchange	-22.3704	21.98322	mmol / (hr * L cells)	pubmed:14154468	"Uptake experiment at 37 C. Mean (SD) Vmax = 0.52 (0.15) mmol / (L cell water * min)
Efflux of L-leucine affected by presence of amino acids, initial leucine concentration 0.83 mM: Efflux, L-methionine added at 20mM: 0.284 mmol / (L cell water * min)"	"0.52 mmol / (L cell water * min)
* (60 min / 1)
* (0.717 L water / L cell)
0.511 mmol / (L cell water * min)
* (60 min / 1)
* (0.717 L water / L cell)"
EX_selni_e	selenite exchange	selni_e <=> 	Pseudoreactions	exchange	-18.711	DEFAULT	mmol / (hr * L cells)	pubmed:32652143	"Selenite influx through SLC4A1:
Vmax = 6237 pmol / min @ 37 C. Human RBCs at a 10% hematocrit in 200 µl "	"6237 pmol / (min * (200 * 0.1) uL cells)
* (1 mmol / 1e9 pmol)
* (60 min / 1 hr)
* (1e6 uL cells / 1 L cells)"
EX_trp__L_e	L-tryptophan exchange	trp__L_e <=> 	Pseudoreactions	exchange	-11.52936	7.78662	mmol / (hr * L cells)	pubmed:6109287;pubmed:4052418	"Human erythrocytes at 37C, influx of L-tryptophan initial rate Mean (SD) Vmax =0.268 (0.108) mmol/l cell water per min
Human erythrocytes at 37C, Efflux of L-tryptophan initial rate mean (SE), n=7. Containing no amino acids: Vmax = 180 umol / (L cell water * min)"	"81 umol / (L cell water * min)
* (1 mmol / 1e3 umol)
* (60 min / 1 hr)
* (0.717 L cell water / L cell)
180 umol / (L cell water * min)
* (1 mmol / 1e3 umol)
* (60 min / 1 hr)
* (0.717 L cell water / L cell)"
EX_snocys__L_e	S-Nitroso-L-cysteine exchange	snocys__L_e <=> 	Pseudoreactions	exchange	-5.76	5.76	mmol / (hr * L cells)	pubmed:16023102	"Initial formation rates of GSNO and L -cysteine in the cytosol of washed RBC (1.5 ml) after 3-min incubation with di_erent concentrations of L -SNC (0–2 mM) in physiological saline (1.5 ml).
Vmax with regards to cytosolic cysteine were estimated graphically. L-cysteine formation Vmax = 95 uM / min.
Assume transport corresponds to Vmax of cysteine formation. Uptake likely through L system transport.
Assyme symmetric transport"	"96 umol / (L cells * min)
* (1 mmol / 1e3 umol)
* (60 min / 1 hr)"
EX_lys__L_e	L-lysine exchange	lys__L_e <=>	Pseudoreactions	exchange	-3.8718	DEFAULT	mmol / (hr * L cells)	pubmed:7272286;ISBN-13:9780122371509	Human erythrocyte incubated with 0.1 mM L-lysine uptake from Krebs-Ringer phosphate medium at pH 7.4 and 37 C is recorded. Vmax = 0.09 mmole/(kg cell water * min)	"0.09 mmol / (kg cell water * min)
* (60 min / 1)
* (1 kg water / 1L water)
* (0.717 L L water / L cell)"
EX_dhdascb__L_e	Dehydroascorbate exchange	dhdascb__L_e <=> 	Pseudoreactions	exchange	-1.678	DEFAULT	mmol / (hr * L cells)	pubmed:9586809	"Uptake and reduction of increasing concentrations of DHA by erythrocytes. Washed, 40% erythrocytes were incubated at 37C, incubated in DHA. Measured by DHA-dependent ascorbate appearance. Vmax = 1678 nmol / (mL cells * hr)"	"1678 nmol / (mL cells * hr)
* (1 mmol / 1e6 nmol)"
EX_arsni_e	arsenite exchange	arsni_e <=> 	Pseudoreactions	exchange	-1.38	DEFAULT	mmol / (hr * L cells)	pubmed:32652143	"Arsenite influx:
Vmax = ~460 pmol / min @ 37 C. Human RBCs at a 10% hematocrit in 200 µl of isotonic saline were incubated with AsIII (0.01 to 100 µM). Uptake was linear, saturation not observed"	"460 pmol / (min * (200 * 0.1) uL cells)
* (1 mmol / 1e9 pmol)
* (60 min / 1 hr)
* (1e6 uL cells / 1 L cells)"
EX_man_e	D-Mannose exchange	man_e <=> 	Pseudoreactions	exchange	-1.2	DEFAULT	mmol / (hr * L cells)	pubmed:5773084	"Mannose influx:
Starting at [mannose] = 10 mM, mannose linearly disappeared from the incubating mixture at a rate of 0.020 umoles/min/mL cells"	"0.020 umol/(min * mL cells)
* (1 mmol / 1e3 umol)
* (60 min / 1 hr)
* (1e3 mL cells / 1 L cells)"
EX_pro__L_e	L-proline exchange	pro__L_e <=>	Pseudoreactions	exchange	-1.2	1.2	mmol / (hr * L cells)	pubmed:2222407	"Lack of saturation in the red cell uptake of proline (pubmed:2222407) SE is 5%. Mean (SE). 0.1 (0.005) mmol / (L cells * 5 min)
Assume symmetric transport"	" 0.1 mmol / (L cells * 5 min)
* (60 min / 1 hr)"
EX_rib__D_e	Ribose exchange	rib__D_e <=> 	Pseudoreactions	exchange	-1.125	1.125	mmol / (hr * L cells)	pubmed:36682143	"The uptake rate of d-ribose after different concentration of d-ribose incubation for 2 h at 37 C. The uptake rate of d-ribose was calculated by the ratio of intracellular d-ribose content to the total d-ribose content.
Incubation of 5, 15, and 25 mmol / L results in 8%, 11%, and 9% uptake."	(25 * 0.09) mmol / (L * 2 hr)
EX_ile__L_e	isoleucine exchange	ile__L_e <=> 	Pseudoreactions	exchange	-1.1	1.1	mmol / (hr * L cells)	pubmed:17047158	"In uninfected cells, the initial influx rate for isoleucine (estimated from the amount of isoleucine taken up over the first 15 seconds) under the conditions of the experiment was 110 ± 6 _mol/(1e12 cells · hour) (mean ± SEM; n = 10)
Assume symmetric transport."	"110 umol / (hr * 1e12 cells)
* (1 mmol / 1e3 umol)
* (1 cell / 100e-15 L cells)"
EX_arg__L_e	L-Arginine exchange	arg__L_e <=> 	Pseudoreactions	exchange	-0.9132	DEFAULT	mmol / (hr * L cells)	pubmed:20668961	"Washed erythrocytes at 37 C. Influx of arginine, total (mean (SD)): Vmax: 913.2 (608.3) _mol/l of cells/h"	"913.2 umol / (hr * L cells)
* (1 mmol / 1e3 umol)"
EX_orn__L_e	Ornithine exchange	orn__L_e <=>	Pseudoreactions	exchange	-0.75	DEFAULT	mmol / (hr * L cells)	pubmed:5016055	"Human erythrocytes, 37 C and pH 7.4 pre-incubated with 1 mM ornithine, 2 hrs. mean (SD): Influx = 12.5 (1) umol / (L cells * min)"	"12.5 umol / (L cells * min)
* (1 mmol / 1e3 umol)
* (60 min / 1 min)"
EX_mmarg__L_e	NG-Monomethyl-LArginine exchange	mmarg__L_e <=> 	Pseudoreactions	exchange	-0.45	DEFAULT	mmol / (hr * L cells)	pubmed:9279204	"Experiments measuring the concentration dependence of total NG-monomethyl-L-arginine influx using fresh erythrocytes. 4 healthy donors, zero-trans conditions. L-LMMA influx, asymptotes at 500 uM: Vmax <= 450 umol / (hr * L cells)"	"450 umol / (hr * L cells)
* (1 mmol / 1e3 umol)"
EX_dopa__L_e	L-dopa exchange	dopa__L_e <=>	Pseudoreactions	exchange	-0.414426	DEFAULT	mmol / (hr * L cells)	pubmed:6221201	Uptake of L-dopa saturatable transport in 5 control erythrocytes. Vmax = 20 umol / (L cell water * hr)	"578 umol / (L cell water * hr)
* (1 mmol / 1e3 umol)
* (0.717 L water / L cell)"
EX_gsn_e	guanosine exchange	gsn_e <=> 	Pseudoreactions	exchange	-0.38	DEFAULT	mmol / (hr * L cells)	pubmed:4072092	Human erythrocytes incubated at 37C and pH 7.4. Higher guanosine affluent (~ 60 umol/L extracellular guanosine). Value determined to be 0.38 mmol / (L cells * hr)	0.38 mmol / (L cells * hr)
EX_ser__L_e	L-serine exchange	ser__L_e <=>	Pseudoreactions	exchange	-0.357066	0.141966	mmol / (hr * L cells)	pubmed:7055559	"Washed erythrocytes, Na+-dependent components of influx measured at 37 C. Vmax = 8.3 nmol / (mL water * min)
Washed erythrocytes, Na+-dependent components of efflux measured at 37 C, extracellular serine, inital intracellular serine 0.41 mM. Vmax = 3.3 nmol / (mL water * min)"	"8.3 nmol / (mL water * min)
* (1 mmol / 1e6 nmol)
* (60 min / 1 hr)
* (1e3 mL / 1 L)
* (0.717 L water / L cell)
3.3 nmol / (mL water * min)
* (1 mmol / 1e6 nmol)
* (60 min / 1 hr)
* (1e3 mL / 1 L)
* (0.717 L water / L cell)"
EX_gln__L_e	L-glutamine exchange	gln__L_e <=>	Pseudoreactions	exchange	-0.314	DEFAULT	mmol / (hr * L cells)	pubmed:20498365;pubmed:11920197	"Human erythrocytes at 37 C,Carrier N. Reported mean (SD) Vmax = 314 (114) mmol / (L cells * hr)
Stated in pubmed:20498365, citing pubmed:11920197"
EX_ala__L_e	L-Alanine exchange	ala__L_e <=> 	Pseudoreactions	exchange	-0.30114	0.4302	mmol / (hr * L cells)	pubmed:7055559	"Washed erythrocytes, Na+-dependent components of influx measured at 37 C. Vmax = 7.0 nmol / (mL water * min)
Washed erythrocytes, Na+-dependent components of efflux measured at 37 C, extracellular serine, iniital intracellular alanine 0.95 mM. Vmax = 10.0 nmol / (mL water * min)"	"7.0 nmol / (mL water * min)
* (1 mmol / 1e6 nmol)
* (60 min / 1 hr)
* (1e3 mL / 1 L)
* (0.717 L water / L cell)
10 nmol / (mL water * min)
* (1 mmol / 1e6 nmol)
* (60 min / 1 hr)
* (1e3 mL / 1 L)
* (0.717 L water / L cell)"
EX_srtn_e	Serotonin exchange	srtn_e <=>	Pseudoreactions	exchange	-0.2736	0.00864	mmol / (hr * L cells)	pubmed:4383664	"Influx Init. velocity = 76 * 1e-14 mol / (1e8 cells * sec)
Human erythrocytes incubated at 37 C in krebs bicarbonate. The slow diffusion of amines into, and the small amounts retained by erythrocytes indicate that they do not contribute significantly to the rapid termination of the pharmacological actions of these amines in vivo.
Efflux Init. velocity = 2.4 * 1e-14 mol / (1e8 cells * sec)
Human erythrocytes incubated at 37 C in krebs bicarbonate. The slow diffusion of amines into, and the small amounts retained by erythrocytes indicate that they do not contribute significantly to the rapid termination of the pharmacological actions of these amines in vivo."	"76 * 1e-14 mol / (1e8 cells * sec)
* (1e3 mol / 1 mmol )
* (3600 s / 1 hr)
* (1 cell / 100e-15 L cells)
2.4 * 1e-14 mol / (1e8 cells * sec)
* (1e3 mol / 1 mmol )
* (3600 s / 1 hr)
* (1 cell / 100e-15 L cells)"
EX_cysi__L_e	L-cystine exchange	cysi__L_e <=>	Pseudoreactions	exchange	-0.252	DEFAULT	mmol / (hr * L cells)	pubmed:5016055	"Human erythrocytes, 37 C and pH 7.4 pre-incubated with 1 mM cystine and argnine in medium, 2 hrs. mean (SD): Influx =4.2 (0.3) umol / (L cells * min)"	"4.2 umol / (L cells * min)
* (1 mmol / 1e3 umol)
* (60 min / 1 min)"
EX_asn__L_e	L-asparagine exchange	asn__L_e <=> 	Pseudoreactions	exchange	-0.24	DEFAULT	mmol / (hr * L cells)	pubmed:4074779	"Human erythrocytes, asaragine uptake Vmax = 0.24 mmol / (L * hr)"	0.24 mmol / (hr * L cells)
EX_cobalt2_e	Cobalt (II) exchange	cobalt2_e <=> 	Pseudoreactions	exchange	-0.238	0.0019	mmol / (hr * L cells)	pubmed:21420882	Red cells at 37 C. The rate of efflux (1.9 umol / (L cells * min)) is much slower than the initial rate of 57Co influx at the same A23187 concentration (238 umol / (L cells * min))	"19 to 238 umol / (L cells * hr)
* (1 mmol / 1e3 umol)"
EX_naccys__L_e	N-acetyl L-cysteine exchange	naccys__L_e <=>	Pseudoreactions	exchange	-0.1566	DEFAULT	mmol / (hr * L cells)	pubmed:17544838	"Rate constant for uptake via AE1: 2.40 ± 0.070 1/min, linear rate increase with extracellular concentration likely due to extracellular reactions interference at higher concentrations. Assume deacetylation limits rate. Mean (SE) Vmax= 2.61 (0.08) umol /(L RBC cell volume *min) for deacetylation. Assume water fraction ~70%"	"2.61 umol /(min * L cell)
* (1 mmol / 1e3 umol)
* (60 min / 1 hr)"
EX_sbt__D_e	D-Sorbitol exchange	sbt__D_e <=> 	Pseudoreactions	exchange	-0.155	DEFAULT	mmol / (hr * L cells)	pubmed:8141248	"Sorbitol influx at 37 C in human erythrocytes, linearly dependent on concentration in range tested (100 uM to 100 mM). Human plasma concentration of sorbitol is ~ 5 uM. Low osmolarity conditions with 5 mM glucose, 5 mM sorbitol, 5 mM sucrose in media: 155 umol/(hr * L cells)"	"155 umol/(hr * L cells)
* (1 mmol / 1e3 umol)"
EX_thr__L_e	L-threonine exchange	thr__L_e <=>	Pseudoreactions	exchange	-0.15057	0.15057	mmol / (hr * L cells)	pubmed:7055559	"Washed erythrocytes, Na+-dependent components of influx measured at 37 C. Vmax = 3.5 nmol / (mL water * min). Assume symmetric transport."	"3.5 nmol / (mL water * min)
* (1 mmol / 1e6 nmol)
* (60 min / 1 hr)
* (1e3 mL / 1 L)
* (0.717 L water / L cell)"
EX_pe_hs_e	Phosphatidylethanolamine (PE) exchange	pe_hs_e <=>	Pseudoreactions	exchange	-0.11286	DEFAULT	mmol / (hr * L cells)	pubmed:9156082	"Active translocation flux from outside to inside at 37 C, PE active flux = 18.81 * 1e-4 mM / min. Considered a typical steady state flux value."	"18.81 * 1e-4 mmol / min / L cells
* (60 min / 1 hr)"
EX_gly_e	Glycine exchange	gly_e <=>	Pseudoreactions	exchange	-0.098	DEFAULT	mmol / (hr * L cells)	pubmed:20498365	"Human erythrocytes at 37 C, Carrier ASC influx. Reported Vmax = 98 umol / (L cells * hr).
Modeled value for matching experimental data (pubmed:20498365)
Initial rates of amino acid uptake at 37 C were measured. Na+-dependent components of efflux, Cl sensitive: Vmax = 28.7 umol / (hr * L cells)"	"98 umol / (L cells * hr)
* (1 mmol / 1e3 umol)"
EX_cys__L_e	L-cysteine exchange	cys__L_e <=> 	Pseudoreactions	exchange	-0.09321	0.086	mmol / (hr * L cells)	pubmed:6109287;pubmed:20498365	"Amino acid uptake measured at 37 C in human erythrocytes. L-cysteine, Na-dependent Vmax = 0.13 mmol/hr/L cell water
Human erythrocytes at 37 C, Carrier ASC efflux. Reported Vmax = 86 umol / (L cells * hr). Modeled value for matching experimental data (pubmed:20498365)"	"0.13 mmol/(L cell water * hr)
* (0.717 L cell water/ 1 L cells)
86 umol / (L cells * hr)
* (1 mmol / 1e3 umol)"
EX_hista_e	Histamine exchange	hista_e <=>	Pseudoreactions	exchange	-0.072	0.0216	mmol / (hr * L cells)	pubmed:4383664	"Influx Init. velocity = 20 * 1e-14 mol / (1e8 cells * sec)
Human erythrocytes incubated at 37 C in krebs bicarbonate. The slow diffusion of amines into, and the small amounts retained by erythrocytes indicate that they do not contribute significantly to the rapid termination of the pharmacological actions of these amines in vivo.
Efflux Init. velocity = 6.0 * 1e-14 mol / (1e8 cells * sec)
Human erythrocytes incubated at 37 C in krebs bicarbonate. The slow diffusion of amines into, and the small amounts retained by erythrocytes indicate that they do not contribute significantly to the rapid termination of the pharmacological actions of these amines in vivo."	"20 * 1e-14 mol / (1e8 cells * sec)
* (1e3 mol / 1 mmol )
* (3600 s / 1 hr)
* (1 cell / 100e-15 L cells)
6.0 * 1e-14 mol / (1e8 cells * sec)
* (1e3 mol / 1 mmol )
* (3600 s / 1 hr)
* (1 cell / 100e-15 L cells)"
EX_akg_e	2-oxoglutarate exchange	akg_e <=>	Pseudoreactions	exchange	-0.05	DEFAULT	mmol / (hr * L cells)	pubmed:20498365	"Human erythrocytes at 37 C, influx. Reported Vmax = 50 umol / (L cells * hr).
Modeled value for matching experimental data (pubmed:20498365)"	"50 umol / (L cells * hr)
* (1 mmol / 1e3 umol)"
EX_adrnl__L_e	Adrenaline exchange	adrnl__L_e <=> 	Pseudoreactions	exchange	-0.0378	DEFAULT	mmol / (hr * L cells)	pubmed:8737076	"Adrenaline influx, mean (SEM): Vmax = 0.63 (0.13) umol per min per liter of cells"	"0.63 umol / (min * L cells)
* (1 mmol / 1000 umol)
* (60 min / 1 hr) "
EX_dpam__L_e	Dopamine exchange	dpam__L_e <=> 	Pseudoreactions	exchange	-0.0324	0.0102	mmol / (hr * L cells)	pubmed:8737076	"Dopamine influx, mean (SEM): Vmax = 0.54 (0.12) umol per min per liter of cells.
DA efflux increases with increasing extracellular concentrations of choline to reach a plateau value at concentrations above 40 umol / L. Choline-stimulated efflux gives Vmax = 0.17 umol per min per liter of cells. "	"0.54 umol / (min * L cells)
* (1 mmol / 1000 umol)
* (60 min / 1 hr)
0.17 umol / (min * L cells)
* (1 mmol / 1000 umol)
* (60 min / 1 hr) "
EX_nrpphr__L_e	Norepinephrine exchange	nrpphr__L_e <=> 	Pseudoreactions	exchange	-0.0288	0.00324	mmol / (hr * L cells)	pubmed:8737076;pubmed:4383664	"Noradrenaline influx, mean (SEM): Vmax = 0.48 (0.08) umol per min per liter of cells
Efflux Init. velocity = 0.9 * 1e-14 mol / (1e8 cells * sec)
Human erythrocytes incubated at 37 C in krebs bicarbonate. The slow diffusion of amines into, and the small amounts retained by erythrocytes indicate that they do not contribute significantly to the rapid termination of the pharmacological actions of these amines in vivo."	"0.48 umol / (min * L cells)
* (1 mmol / 1000 umol)
* (60 min / 1 hr)
0.9 * 1e-14 mol / (1e8 cells * sec)
* (1e3 mol / 1 mmol )
* (3600 s / 1 hr)
* (1 cell / 100e-15 L cells)"
EX_his__L_e	L-histidine exchange	his__L_e <=>	Pseudoreactions	exchange	-0.020391517	DEFAULT	mmol / (hr * L cells)	pubmed:1125248	"Histidine solutions of 0.31 M, pH 7.5 caused a rapid and dramatic decrease in cellular volume of human erythrocytes and a concomitant rapid exit of cations.
However, in a prolonged incubation, human erythrocytes slowly regained their cell volume as a result of histidine entry into the cell.
Histidine uptake into human erythrocytes. Human erythrocytes were washed 0.172 M Tris -
HcI, pH 7.6 and suspended in histidine, sample was incubated at 37 C. The starting hematocrit was 13.8%. The specific activity of the final suspension was 613 cpm/mol of histidine.
Over 120 min, ~(75 -50)*1e-3 cpm / mL cells of histidine uptake measured."	"(75 -50)*1e-3 cpm / mL cells / 120 min
* (1 mol / 613 cpm)
* (1e3 mL / 1 L)
* (60 min / 1 hr)"
EX_mn2_e	Manganese (2+) exchange	mn2_e <=> 	Pseudoreactions	exchange	-0.013050601	DEFAULT	mmol / (hr * L cells)	pubmed:13783699	"Uptake of Mn by red blood cells over a 27 hour period of incubation. The concentration of carrier Mn was 1.4e-4 moles/liter of saline-tris buffer. Over the course of 1 and 3 hours, 1 and 3 ug Mn / mL water taken up. "	"3 ug / mL water / 3 hr
* (1 g / 1e6 ug)
* (1 mol / 54.94 g)
* (1e3 mmol / 1 mol)
* (1e3 mL / 1 L)
* (0.717 L water / 1 L cells)"
EX_urate_e	urate exchange	urate_e <=> 	Pseudoreactions	exchange	-0.009486	DEFAULT	mmol / (hr * L cells)	pubmed:36146	"Urate infux for erythrocytes determined to be at 17e-11 mmol / s / cm^2, using r = 15500 cm^2 / mL cells"	"17e-11 mmol / s / cm^2
* (15500 cm^2 / mL cells)
* (3600 s / 1 hr)"
EX_cit_e	Citrate exchange	cit_e <=> 	Pseudoreactions	exchange	-0.0054	0.0054	mmol / (hr * L cells)	DOI:10.1111/j.1423-0410.1963.tb04154.x	"Washed human erythrocytes at 37 C incubated with 170 umol sodium citrate/100 mL erythrocytes, formation of AKG is used to measure citrate uptake. 0.3 -2.7 umol of alpha-ketoglutaric acid/100 ml of packed erythrocytes/5 h
Assuming citrate transport is rate limiting over AKG formation. "	"2.7 umol / 100 mL cells / 5 hr
* (1 mmol / 1e3 umol)
* (1e3 mL / 1 L cells)"
EX_creat_e	Creatine exchange	creat_e <=> 	Pseudoreactions	exchange	-0.0045	DEFAULT	mmol / (hr * L cells)	pubmed:7397170	"Creatine transport studied in RBCs at 37 C has saturatable & non-saturatable components. The non-saturable component is little, if at all, dependent on cell age while the saturable component is higher in young cells than old. Vmax = 4.5 nmol / ml cells / hour. "	"4.5 nmol / (mL cells * hr)
* (1 mmol / 1e6 nmol)
* (1e3 mL cells / 1 L cells)"
EX_tetiodthy__L_e	"3,3',5,5'-Tetraiodo-L-thyronine transport"	tetiodthy__L_e <=>	Pseudoreactions	exchange	-0.0035424	0.0035424	mmol / (hr * L cells)	pubmed:2229315	"Estimated uptake with respect to T3, uptake is approx 1.8x when compared in Table 1. Assume symmetric transport."
EX_thbpt_e	Tetrahydrobiopterin exchange	thbpt_e <=> 	Pseudoreactions	exchange	-0.00225	0.00225	mmol / (hr * L cells)	pubmed:8926533	"The first-degree relationship was demonstrated between the BH4 concentration in the medium and the initial increase rate of BH4 in RBC, indicating the passive transport of BH4 into RBCs. Influx and efflux do not differ in human RBCs. At 37 C and external concentration 100 uM BH4, uptake rate is ~37.5 pmol / (mL * min). Assume symmetric transport."
EX_triiodthy__L_e	"3,3,3'-Triodo-L-thyronine (T3) exchange"	triiodthy__L_e <=>	Pseudoreactions	exchange	-0.001968	0.001968	mmol / (hr * L cells)	pubmed:2229315	"Human erythrocytes T3 uptake at 37 C, saturatable component. Activity may be age dependent, newborns are fastest. Influx and efflux rates are similar. Mean (SD) for n=8, Vmax = 3.28 (66) pmol/min/10^9_cells
Assume symmetric transport."
EX_orot_e	Orotate exchange	orot_e <=>	Pseudoreactions	exchange	-0.0015	DEFAULT	mmol / (hr * L cells)	pubmed:6720405	"This indicates a high capacity, non-saturable transport system for orotate, with the rate limiting step being the conversion of orotate to UMP.
25 pmol uridine formed per minute per 10 red cells. "	"25 pmol / min / 1e10 cells
* (1 mmol / 1e9 pmol)
* (60 min / hr)
* (1 cell / 100e-15 L cell)"
EX_pc_hs_e	Phosphatidylcholine (PC) exchange	pc_hs_e <=> 	Pseudoreactions	exchange	-0.001485	0.0007425	mmol / (hr * L cells)	DOI:10.11482/KMJ-E15(3.4)113	"Erythrocytes from nine healthy subjects at 37 C, PC uptake: 81.4 (11.4) nmol / 10e10 cells / 6 hours
PC efflux: 49.8% (8.1)"	"81.4 nmol / 10e10 cells / 6 hours
* (1 mmol / 1e6 nmol)
* (1 cell / 100e-15 L cells)"
EX_FA_hs_16_0_e	Hexadecanoate exchange	FA_hs_16_0_e <=>	Pseudoreactions	exchange	-0.00057	DEFAULT	mmol / (hr * L cells)	pubmed:4005276	"Increasing concentrations of radiolabelled palmitic acid were added to CoA- and ATP-loaded ghosts, and acyl-CoA synthesis was measured after 5 min incubation at 37 C. Incubations had final protein concentration of 100 ug protein / mL solution. Vmax = 0.095 nmol acyl-CoA / min / mg protein "	"0.095 nmol / (min * mg protein)
* (1 mmol / 1e6 nmol)
* (100 ug protein / 1 mL)
* (1 mg protein / 1e3 ug protein)
* (1e3 mL / 1 L )
* (60 min / 1 hr)"
EX_spmd_e	Spermidine exchange	spmd_e <=> 	Pseudoreactions	exchange	-0.00052	2.08E-05	mmol / (hr * L cells)	pubmed:6303631	"4e9 erythrocytes incubated with 2 nmol of polyamine, uptake linear for first hour when incubated in plasma. Spermidine uptake: 8.8 to 130.8 pmol in 1 hr for plasma, 15.4 to 223.4 pmol for 1 hr in serum. Uptake greater in serum than plasma.
Efflux, same conditions, presence of serum ~ 4% and plasma ~6% after 1 hour."	"(223.4 - 15.4) pmol / 1 hr / 4e9 cells
* (1 mmol / 1e9 pmol)
* (1 cell / 100e-15 L cell)"
EX_lpc_hs_e	Lysophosphatidylcholine (LPC) exchange	lpc_hs_e <=> 	Pseudoreactions	exchange	-0.0005	DEFAULT	mmol / (hr * L cells)	DOI:10.11482/KMJ-E15(3.4)113	"Erythrocytes from nine healthy subjects at 37 C, LPC uptake: ~30 (5) nmol / 10e10 cells / 6 hours"	"30 nmol / 10e10 cells / 6 hours
* (1 mmol / 1e6 nmol)
* (1 cell / 100e-15 L cells)"
EX_ptrc_e	Putrescine exchange	ptrc_e <=> 	Pseudoreactions	exchange	-0.000395	0.00013825	mmol / (hr * L cells)	pubmed:6303631	"4e9 erythrocytes incubated with 2 nmol of polyamine, uptake linear for first hour when incubated in plasma. Putresciene uptake: 1.6 to 85.8 pmol in 1 hr for plasma, 13.4 to 171.4 pmol for 1 hr in serum. Uptake greater in serum than plasma.
Efflux, same conditions, presence of serum ~ 35% and plasma ~20% after 1 hour."	"(171.4 - 13.4) pmol / 1 hr / 4e9 cells
* (1 mmol / 1e9 pmol)
* (1 cell / 100e-15 L cell)"
EX_thm_e	Thiamin exchange	thm_e <=> 	Pseudoreactions	exchange	-0.0001434	DEFAULT	mmol / (hr * L cells)	pubmed:2283678	Thiamin transport in human erythrocytes 37 C. Vmax = 0.01 pmol / (uL cell water * 3 min)	"0.01 pmol / (uL water * 3 min)
* (1 mmol / 1e9 pmol)
* (60 min / 1 hr)
* (1e6 uL / 1 L)
* (0.717 L water / L cell)"
EX_sprm_e	Spermine exchange	sprm_e <=> 	Pseudoreactions	exchange	-0.000115	5.75E-06	mmol / (hr * L cells)	pubmed:6303631	"4e9 erythrocytes incubated with 2 nmol of polyamine, uptake linear for first hour when incubated in plasma. Spermine uptake: 1.6 to 20.8 pmol in 1 hr for plasma, 4.6 to 50.6 pmol for 1 hr in serum. Uptake greater in serum than plasma.
Efflux, same conditions, presence of serum ~ 5% and plasma ~12% after 1 hour."	"(50.6 - 4.6) pmol / 1 hr / 4e9 cells
* (1 mmol / 1e9 pmol)
* (1 cell / 100e-15 L cell)"
EX_5mthf_e	5-methyl-tetrahydrofolate exchange	5mthf_e <=> 	Pseudoreactions	exchange	-0.0000564	2.16E-05	mmol / (hr * L cells)	pubmed:659590	"Human erythrocytes in energy-deplete conditions, depleted conditions, 5-methyltetrahydrofolate countertransport influx at 37 C. Vmax = 0.094 pmol/(1e9 cells* min)
Human erythrocytes in energy-deplete conditions, control conditions, 5-methyltetrahydrofolate countertransport efflux at 37 C. Vmax = 0.036 (0.003) pmol/(1e9 cells* min)"	"0.094 pmol/(1e9 cells* min)
* (1 mmol / 1e9 pmol)
* (60 min / 1 hr)
* (1 cell / 100e-15 L cell)
0.036 pmol/(1e9 cells* min)
* (1 mmol / 1e9 pmol)
* (60 min / 1 hr)
* (1 cell / 100e-15 L cell)"
EX_dhlipoate_e	Dihydrolipoate exchange	dhlipoate_e <=> 	Pseudoreactions	exchange	DEFAULT	0.9	mmol / (hr * L cells)	pubmed:7632170	"The data reported here are restricted to measurements of dihydrolipoate released by erythrocytes into the medium. Estimation from Figure 3, effects of glucose and deoxyglucose on lipoic acid reduction by normal erythrocytes. Hematocrit = 20%. T = 37. Lipoic acid = 500 uM.
At ~20 min, 70 uM dihydrolipoate released ~= 3.5 uM / min
At ~40 min, 140 uM dihydrolipoate released ~= 3.5 uM / min
At ~80 min, 220 uM dihydrolipoate released ~= 2.75 uM / min
In Figure 5,
At ~15 min, ~25 uM dihydrolipoate released ~= 1.67 uM / min
At ~30 min, ~65 uM dihydrolipoate released ~= 2.167 uM / min
Given approximations, use ~ 3 uM / min to be safe"	"3 umol / min / 0.2 L cells
* (1 mmol / 1e3 umol)
* (60 min / 1 hr)"
EX_gthno_e	S-nitrosoglutathione exchange	gthno_e <=> 	Pseudoreactions	exchange	DEFAULT	0.9	mmol / (hr * L cells)	pubmed:16023102	"Initial formation rates of GSNO and L -cysteine in the cytosol of washed RBC (1.5 ml) after 3-min incubation with di_erent concentrations of L -SNC (0–2 mM) in physiological saline (1.5 ml).
Vmax with regards to cytosolic cysteine were estimated graphically. GSNO formation Vmax = 15 uM / min. Assume transport corresponds to Vmax of GSNO formation. Export likely through ABC transporter, erythrocyte is otherwise impermeable to GTHNO "	"15 umol / (L cells * min)
* (1 mmol / 1e3 umol)
* (60 min / 1 hr)"
EX_gthox_e	Oxidized glutathione exchange	gthox_e <=>	Pseudoreactions	exchange	DEFAULT	2.14	mmol / (hr * L cells)	pubmed:20498365	"Human erythrocytes at 37 C, efflux. Reported Vmax = 2.14 * 1e3 umol / (L cells * hr)
Modeled value for matching experimental data (pubmed:20498365)"	"2.14 * 1e3 umol / (L cells * hr)
* (1 mmol / 1e3 umol)"
EX_gua_e	guanine exchange	gua_e <=> 	Pseudoreactions	exchange	DEFAULT	0.06	mmol / (hr * L cells)	pubmed:4072092	Human erythrocytes incubated at 37C and pH 7.4. Higher guanosine affluent (~ 60 umol/L extracellular guanosine). Value determined to be <0.03 mmol / (L cells * hr)
EX_normete__L_e	L-normetanephrine exchange	normete__L_e <=>	Pseudoreactions	exchange	DEFAULT	0.0069	mmol / (hr * L cells)	pubmed:4628221	Vmax of 1.38 x10 * 1e-5 M per 2 hours for the conversion of 14C-labeled norepinephrine to its 3-O-methylated derivative in platelet free blood in vitro	"1.38 *1e-5 mol / (L cells * 2 hr)
* (1e3 mmol / mol)"
EX_seln_e	selenide exchange	seln_e <=> 	Pseudoreactions	exchange	DEFAULT	0.081	mmol / (hr * L cells)	pubmed:32652143	"Selenide efflux w/Albumin:
Expressed as a percentage of selenium remaining compared to control, which is 36 pmol at t = 0. Approximately 25% of selenium is remaining after 60 minutes of incubation w/ physiological levels of Albumin"	"(36 * (1 - 0.25)) pmol / (min * (200 * 0.1) uL cells)
* (1 mmol / 1e9 pmol)
* (60 min / 1 hr)
* (1e6 uL cells / 1 L cells)"
EX_sph1p_e	sphinganine-1-phosphate exchange	sph1p_e <=> 	Pseudoreactions	exchange	DEFAULT	5.00E-05	mmol / (hr * L cells)	pubmed:17215483	"Serum/plasma present determines maximal S1P and DH-S1P release from erythrocytes, with pure plasma required for maximal release. Experiments conducted at 37 C with concentration of RBCs as 1e10 cells / mL. According to figure 4B, supernatant S1P 400 pmol/ml at t=0, and 100 pmol/ml at t=6 hrs."	"(400 - 100) pmol /((6 - 0) hr * mL cells)
* (1 mmol / 1e9 pmol)
* (1e3 mL / 1 L)"
EX_sphs1p_e	sphingosine-1-phosphate exchange	sphs1p_e <=> 	Pseudoreactions	exchange	DEFAULT	0.00015	mmol / (hr * L cells)	pubmed:17215483	"Serum/plasma present determines maximal S1P and DH-S1P release from erythrocytes, with pure plasma required for maximal release. Experiments conducted at 37 C with concentration of RBCs as 1e10 cells / mL. According to figure 4B, supernatant S1P 700 pmol/ml at t=0, and 1600 pmol/ml at t=6 hrs."	"(1600 - 700) pmol /((6 - 0) hr * mL cells)
* (1 mmol / 1e9 pmol)
* (1e3 mL / 1 L)"
EX_pnto__R_e	pantothenate exchange	pnto__R_e <=> 	Pseudoreactions	exchange	-0.0000218	DEFAULT	mmol / (hr * L cells)	pubmed:19584050	"Pantothenate taken up over 78 hours at 37C. Mean (SE): 0.17 (0.02) umol/1e12 cells.
Only [14C]pantothenate and [14C]CoA (and none of the intermediates in the CoA biosynthesis pathway) in human erythrocytes were detected.
Transport, then PANK are the rate-limiting step in CoA biosynthesis in human erythrocytes."	"0.17 umol/1e12 cells/78 hr
* (1 mmol / 1e3 umol)
* (1 cell / 100e-15 L)"
EX_ergoth_e	Transport of Ergothioneine	ergoth_e <=> 	Pseudoreactions	exchange	-3	DEFAULT	mmol / (hr * L cells)	pubmed:10491340	"Cells were incubated at a 20% (w/v) haematocrit at 37 C in PBS containing 5 mM
D-glucose and 1 mM ERT. After 2 hours in 5 mM extracellular ERT, 1200 uM uptake. Uptake varies considerably with donor, maximum value used. "	"1200 umol / (0.2 L cells * 2 hr)
* (1 mmol / 1e3 umol)"
EX_glc__aD_e	alpha-D-glucose exchange	glc__aD_e <=>	Pseudoreactions	exchange	-3	0	mmol / (hr * L cells)	pubmed:38270467	"Under mechanical stress, glycolytic flux can increase up to ~80%. Therefore, assume 2x increase from glucose uptake of ~1.5 as measured under deoxygenated conditions."
EX_glc__D_e	beta-D-glucose exchange	glc__D_e <=>	Pseudoreactions	exchange	-3	0	mmol / (hr * L cells)	pubmed:38270467	"Under mechanical stress, glycolytic flux can increase up to ~80%. Therefore, assume 2x increase from glucose uptake of ~1.5 as measured under deoxygenated conditions."
CADPRIBHe	Cyclic-ADP-ribose hydrolase	cadprib_e + h2o_e --> adprib_e	Nicotinate and nicotinamide metabolism	extracellular	0	0.2075	mmol / (hr * L cells)	pubmed:8461019	"Washed human erythrocytes incubated at 37 C (Hct = 0.42). From cADPR, 29.05 nmol ADPR produced/mL packed cells/20 min. Variability is <20%"	"29.05 nmol / 0.42 mL cells / 20 min
* (1 mmol / 1e6 nmol)
* (1e3 mL cells/ 1 L cells)
* (60 min / 1 hr)"
NADLe	NAD+ nicotinamide-lyase (cyclic-ADP-ribose-forming)	nad_e --> cadprib_e + h_e + ncam_e	Nicotinate and nicotinamide metabolism	extracellular	0	0.0135	mmol / (hr * L cells)	pubmed:8461019	"Washed human erythrocytes incubated at 37 C (Hct = 0.42). From NAD, 1.86 nmol cADPR produced/mL packed cells/20 min. Variability is <20%"	"1.89 nmol / 0.42 mL cells / 20 min
* (1 mmol / 1e6 nmol)
* (1e3 mL cells/ 1 L cells)
* (60 min / 1 hr)"
NTPAe	NTP phosphohydrolase (ATP)	atp_e + h2o_e --> adp_e + h_e + pi_e	Nucleotide metabolism	extracellular	0	0.0168	mmol / (hr * L cells)	pubmed:21921036	"Ecto-ATPase activity was extremely low in mature human erythrocytes (_28 fmol * (1e6 cells min)_1), but nevertheless physiologically relevant considering the high density of erythrocytes in human blood."	"0.028 pmol / (min * 1e6 cells)
* (1 mmol / 1e9 pmol)
* (60 min / 1 hr)
* (1 cell / 100e-15 L cell)"
ALATA_L	L-alanine transaminase	akg_c + ala__L_c <=> glu__L_c + pyr_c	"Alanine, aspartate and glutamate metabolism"	intracellular	-0.917	0.917	mmol / (hr * L cells)	pubmed:20498365	"Human erythrocytes at 37 C, Reported Vmax (SE) = 0.917 (0.29) mmol / (L cells * hr)
Stated in pubmed:20498365, measured in hemolysates"	0.917 mmol / (L cells * hr)
GLUN	Glutaminase	gln__L_c + h2o_c --> glu__L_c + nh4_c	"Alanine, aspartate and glutamate metabolism"	intracellular	0	10.5	mmol / (hr * L cells)	pubmed:20498365	"Human erythrocytes at 37 C, Reported Vmax = 10.5 mmol / (L cells * hr).
Stated in pubmed:20498365, citing pubmed:14038604"	10.5 mmol / (L cells * hr)
G6PDA	Glucosamine-6-phosphate deaminase	gam6p_c + h2o_c <=> f6p_c + nh4_c	Amino sugar and nucleotide sugar metabolism	intracellular	-0.014384813	0.014384813	mmol / (hr * L cells)	pubmed:7577655	"Partially purified Glucosamine-6-phosphate deaminase enzyme Vmax used to calculate specific activity: 96.3 nmol / h / mg protein, 12.5 ug protein in mixture, total volume of 60 uL "	"96.3 nmol / h / mg protein * (12.5 ug protein / 60 uL water)
* (1 mmol / 1e6 nmol)
* (1 mg / 1e3 ug)
* (1e6 uL / 1 L water)
* (0.717 L water / 1 L cells)"
ACGAMK	N-acetylglucosamine kinase	acgam_c + atp_c --> acgam6p_c + adp_c + h_c	Amino sugar and nucleotide sugar metabolism	intracellular	0	0.036820084	mmol / (hr * L cells)	pubmed:8982040	"Partially purified N-acetylglucosamine kinase enzyme Vmax used to calculate specific activity: 5.5 nmol / h / mg protein, 0.96 mg protein in mixture, total volume of 200 uL "	"5.5 nmol / h / mg protein * (0.96 mg protein / 200 uL water)
* (1 mmol / 1e6 nmol)
* (1e6 uL / 1 L water)
* (1 L water / 0.717 L cells)"
AGDC	N-acetylglucosamine-6-phosphate deacetylase	acgam6p_c + h2o_c --> ac_c + gam6p_c	Amino sugar and nucleotide sugar metabolism	intracellular	0	0.003464435	mmol / (hr * L cells)	pubmed:8982040	"Partially purified N-acetylglucosamine kinase enzyme Vmax used to calculate specific activity: 6.21 nmol / h / mg protein, 40 ug protein in mixture, total volume of 100 uL "	"6.21 nmol / h / mg protein * (40 ug protein / 100 uL water)
* (1 mmol / 1e6 nmol)
* (1 mg / 1e3 ug)
* (1e6 uL / 1 L water)
* (1 L water / 0.717 L cells)"
HEX10	Hexokinase (D-glucosamine:ATP)	atp_c + gam_c --> adp_c + gam6p_c + h_c	Amino sugar and nucleotide sugar metabolism	intracellular	0	5.64	mmol / (hr * L cells)	pubmed:7061426;DOI:10.1515/9783111433998-035	"Activity defined as 1 pmol of ADP/min at 37 C. 47%, 47%, and 21% of maximal velocity relative to glucose using D(+)-glucosamine, Hexokinase Ia, Ib, and Ic respectively, Hexokinase Ia values used.
Activity measured at 37 C. Hexokinase has the lowest capacity among the glycolytic enzymes (12 umol/mL cells * hr), and operates at a higher fraction of its maximal activity than all other enzymes of the glycolytic chain
Vmax = 12 umol / (mL cells * hr) [pubmed:4421639]"	"(47/100) * 12 umol / (mL cells * hr)
* (1 mmol / 1e3 umol)
* (1e3 mL / 1 L)"
THGDPK	Nucleoside-diphosphate kinase (ATP:6TGDP)	atp_c + thiogdp_c <=> adp_c + thiogtp_c	Azathioprine and 6-mercaptopurine metabolism	intracellular	-0.0042	0.0042	mmol / (hr * L cells)	pubmed:6525168	"Approximate enzymatic activity in human erythrocytes, given as uM units / mL erythrocytes: 70 pmol / min / mL cells"	"70 pmol / min / mL cells
* (1 mmol / 1e9 pmol)
* (60 min / 1 hr)
* (1e3 mL cells / 1 L cells)"
THGMPK	Guanylate kinase (6-thioguanosine monophosphate)	atp_c + thiogmp_c <=> adp_c + thiogdp_c	Azathioprine and 6-mercaptopurine metabolism	intracellular	-0.000018	1.80E-05	mmol / (hr * L cells)	pubmed:6525168	"Approximate enzymatic activity in human erythrocytes, given as uM units / mL erythrocytes: 0.3 pmol / min / mL cells"	"0.3 pmol / min / mL cells
* (1 mmol / 1e9 pmol)
* (60 min / 1 hr)
* (1e3 mL cells / 1 L cells)"
THIOGSNPNP	Purine-nucleoside phosphorylase (guanosine)	thiogsn_c + pi_c --> thiogua_c + r1p_c	Azathioprine and 6-mercaptopurine metabolism	intracellular	0	0.00102	mmol / (hr * L cells)	pubmed:6525168	"Approximate enzymatic activity in human erythrocytes, given as uM units / mL erythrocytes: 17 pmol / min / mL cells"	"17 pmol / min / mL cells
* (1 mmol / 1e9 pmol)
* (60 min / 1 hr)
* (1e3 mL cells / 1 L cells)"
THIOGUAPRT	6-Thioguanine phosphoribosyltransferase	prpp_c + thiogua_c --> ppi_c + thiogmp_c	Azathioprine and 6-mercaptopurine metabolism	intracellular	0	1.80E-05	mmol / (hr * L cells)	pubmed:6525168	"Approximate enzymatic activity in human erythrocytes, given as uM units / mL erythrocytes: 0.3 pmol / min / mL cells"	"0.3 pmol / min / mL cells
* (1 mmol / 1e9 pmol)
* (60 min / 1 hr)
* (1e3 mL cells / 1 L cells)"
MTAP	5-methylthioadenosine phosphorylase	5mta_c + pi_c <=> 5mdr1p_c + ade_c	Cysteine and methionine metabolism	intracellular	-3.96	3.96	mmol / (hr * L cells)	pubmed:6838867	"5-methylthioadenosine phosphorylase: 6.6 pmol / (min * 1e6 cells)
Assays at 37 C, calculated assuming 12.91 uL water for 20 uL packed RBCs which also corresponds to 2e8 cells, equivalenty 100 uL of suspension. "	"6.6 pmol / (min * 1e6 cells)
* (1 mmol / 1e9 pmol)
* (60 min / 1 hr)
* (1 cell / 100e-15 L cell)"
NACCYSDAC	N-acetyl L-cysteine deaceylase	naccys__L_c + h2o_c --> cys__L_c + ac_c	Cysteine and methionine metabolism	intracellular	0	0.1566	mmol / (hr * L cells)	pubmed:17544838	Mean (SE) Vmax= 2.61 (0.08) umol /(L RBC cell volume *min) for deacetylation	"2.61 umol /(min * L cell)
* (1 mmol / 1e3 umol)
* (60 min / 1 hr)"
2OHE1MT	S-Adenosyl-L-methionine:2-hydroxyestrone O-methyltransferase (2-OH)	2hoxe1_c + amet__L_c --> 2mtoxe1_c + ahcys__L_c + h_c	Estrogen metabolism	intracellular	0	0.007	mmol / (hr * L cells)	pubmed:925137	"Under in vitro conditions, the rate of conversion of 2-hydroxyestrone to 2-methoxyestrone by human RBC's was such that 7 nmol of 2-methoxyestrone were formed per h per ml of RBC."	"7 nmol / (mL cells * hr)
* (1 mmol / 1e6 nmol)
* (1e3 mL / 1 L)"
2OHE1MT2	S-Adenosyl-L-methionine:2-hydroxyestrone O-methyltransferase (3-OH)	2hoxe1_c + amet__L_c --> 2hox3mtoxe1_c + ahcys__L_c + h_c	Estrogen metabolism	intracellular	0	0.005939394	mmol / (hr * L cells)	pubmed:925137;pubmed:11559542	"Under in vitro conditions, the rate of conversion of 2-hydroxyestrone to 2-methoxyestrone by human RBC's was such that 7 nmol of 2-methoxyestrone were formed per h per ml of RBC.
From pubmed:11559542, 2-OH-3-MeOE1, mean (SD) kcat = 2.8 (0.4) 1/min
From pubmed:11559542, 2-MeOE1, mean (SD) kcat = 3.3 (0.2) 1/min"	"(2.8/3.3) * 7 nmol / (mL cells * hr)
* (1 mmol / 1e6 nmol)
* (1e3 mL / 1 L)"
2OHE2MT	S-Adenosyl-L-methionine:2-hydroxy-17beta-estradiol O-methyltransferase (2-OH)	2hoxe2_c + amet__L_c --> 2mtoxe2_c + ahcys__L_c + h_c	Estrogen metabolism	intracellular	0	0.014424242	mmol / (hr * L cells)	pubmed:925137;pubmed:11559542	"Under in vitro conditions, the rate of conversion of 2-hydroxyestrone to 2-methoxyestrone by human RBC's was such that 7 nmol of 2-methoxyestrone were formed per h per ml of RBC.
From pubmed:11559542, 2-MeOE2, mean (SD) kcat = 6.8 (0.4) 1/min
From pubmed:11559542, 2-MeOE1, mean (SD) kcat = 3.3 (0.2) 1/min"	"(6.8/3.3) * 7 nmol / (mL cells * hr)
* (1 mmol / 1e6 nmol)
* (1e3 mL / 1 L)"
2OHE2MT2	S-Adenosyl-L-methionine:2-hydroxy-17beta-estradiol O-methyltransferase (3-OH)	2hoxe2_c + amet__L_c --> 2hox3mtoxe2_c + ahcys__L_c + h_c	Estrogen metabolism	intracellular	0	0.003181818	mmol / (hr * L cells)	pubmed:925137;pubmed:11559542	"Under in vitro conditions, the rate of conversion of 2-hydroxyestrone to 2-methoxyestrone by human RBC's was such that 7 nmol of 2-methoxyestrone were formed per h per ml of RBC.
From pubmed:11559542, 2-OH-3-MeOE2, mean (SD) kcat = 1.5 (0.1) 1/min
From pubmed:11559542, 2-MeOE1, mean (SD) kcat = 3.3 (0.2) 1/min"	"(1.5/3.3) * 7 nmol / (mL cells * hr)
* (1 mmol / 1e6 nmol)
* (1e3 mL / 1 L)"
4OHE1MT	S-Adenosyl-L-methionine:4-hydroxyestrone O-methyltransferase	4hoxe1_c + amet__L_c --> 4mtoxe1_c + ahcys__L_c + h_c	Estrogen metabolism	intracellular	0	0.014212121	mmol / (hr * L cells)	pubmed:925137;pubmed:11559542	"Under in vitro conditions, the rate of conversion of 2-hydroxyestrone to 2-methoxyestrone by human RBC's was such that 7 nmol of 2-methoxyestrone were formed per h per ml of RBC.
From pubmed:11559542, 4-MeOE1, mean (SD) kcat = 6.7 (0.4) 1/min
From pubmed:11559542, 2-MeOE1, mean (SD) kcat = 3.3 (0.2) 1/min"	"(6.7/3.3) * 7 nmol / (mL cells * hr)
* (1 mmol / 1e6 nmol)
* (1e3 mL / 1 L)"
4OHE2MT	S-Adenosyl-L-methionine:4-hydroxy-17beta-estradiol O-methyltransferase	4hoxe2_c + amet__L_c --> 4mtoxe2_c + ahcys__L_c + h_c	Estrogen metabolism	intracellular	0	0.007212121	mmol / (hr * L cells)	pubmed:925137;pubmed:11559542	"Under in vitro conditions, the rate of conversion of 2-hydroxyestrone to 2-methoxyestrone by human RBC's was such that 7 nmol of 2-methoxyestrone were formed per h per ml of RBC.
From pubmed:11559542, 4-MeOE2, mean (SD) kcat = 3.4 (0.2) 1/min
From pubmed:11559542, 2-MeOE1, mean (SD) kcat = 3.3 (0.2) 1/min"	"(3.4/3.3) * 7 nmol / (mL cells * hr)
* (1 mmol / 1e6 nmol)
* (1e3 mL / 1 L)"
FACOAL_16_0	Fatty acid CoA ligase (CoA 16:0)	FA_hs_16_0_c + atp_c + coa_c --> FAcoa_hs_16_0_c + amp_c + ppi_c	Fatty acid activation (cytosolic)	intracellular	0	0.00057	mmol / (hr * L cells)	pubmed:4005276	"Increasing concentrations of radiolabelled palmitic acid were added to CoA- and ATP-loaded ghosts, and acyl-CoA synthesis was measured after 5 min incubation at 37 C. Incubations had final protein concentration of 100 ug protein / mL solution. Vmax = 0.095 nmol acyl-CoA / min / mg protein "	"0.095 nmol / (min * mg protein)
* (1 mmol / 1e6 nmol)
* (100 ug protein / 1 mL)
* (1 mg protein / 1e3 ug protein)
* (1e3 mL / 1 L )
* (60 min / 1 hr)"
FRU3K	Fructose 3-kinase	atp_c + fru_c --> adp_c + f3p_c + h_c	Fructose and mannose metabolism	intracellular	0	0.6	mmol / (hr * L cells)	pubmed:1599419	Apparent Vmax = 0.6 umol / (hr * mL cells) 	"0.6 umol / (hr * mL cells)
* (1e3 mL cells / 1 L cells)
* (1 mmol / 1e3 umol)"
HEX4	Hexokinase (D-mannose:ATP)	atp_c + man_c --> adp_c + h_c + man6p_c	Fructose and mannose metabolism	intracellular	0	9.6	mmol / (hr * L cells)	pubmed:7061426;DOI:10.1515/9783111433998-035	"Activity defined as 1 pmol of ADP/min at 37 C. 78% 83%, 85& of maximal velocity relative to glucose using D(+)-mannose, Hexokinase Ia, Ib, and Ic respectively. Hexokinase Ia values used.
Activity measured at 37 C. Hexokinase has the lowest capacity among the glycolytic enzymes (12 umol/mL cells * hr), and operates at a higher fraction of its maximal activity than all other enzymes of the glycolytic chain
Vmax = 12 umol / (mL cells * hr) [pubmed:4421639]"	"(80/100) * 12 umol / (mL cells * hr)
* (1 mmol / 1e3 umol)
* (1e3 mL / 1 L)"
HEX7	Hexokinase (D-fructose:ATP)	atp_c + fru_c --> adp_c + f6p_c + h_c	Fructose and mannose metabolism	intracellular	0	12	mmol / (hr * L cells)	pubmed:7061426;DOI:10.1515/9783111433998-035	"Activity defined as 1 pmol of ADP/min at 37 C. 100%,120%, and 90% of maximal velocity relative to glucose using D(-)-fructose, Hexokinase Ia, Ib, and Ic respectively, Hexokinase Ia values used.
Activity measured at 37 C. Hexokinase has the lowest capacity among the glycolytic enzymes (12 umol/mL cells * hr), and operates at a higher fraction of its maximal activity than all other enzymes of the glycolytic chain
Vmax = 12 umol / (mL cells * hr) [pubmed:4421639]"	"(100/100) * 12 umol / (mL cells * hr)
* (1 mmol / 1e3 umol)
* (1e3 mL / 1 L)"
SBTRa	D-Glucitol:NADP+ 1-oxidoreductase	glc__aD_c + h_c + nadph_c --> nadp_c + sbt__D_c	Fructose and mannose metabolism	intracellular	0	0.75	mmol / (hr * L cells)	pubmed:3082363	"Blood samples were incubated with varying concentrations of glucose for 6 h at 37 C, enzyme was quantitated after partial purification by DE-52. At 50 mM, max measured value for activiation. Mean (SD) Aldose reductase w/ glucose: 12.5 (0.9) munits / mL cells"	"12.5 munits / mL cells
* ((1 nmol / min) / 1 munit)
* (1 mmol / 1e6 nmol)
* (60 min / 1 hr)
* (1e3 mL cells / 1 L cells)"
TRIOK	Triokinase	atp_c + glyald_c --> adp_c + g3p_c + h_c	Fructose and mannose metabolism	intracellular	0	2.571428571	mmol / (hr * L cells)	pubmed:4688871	Using approximate conversion of 0.35 U per g Hb ~= 0.1 U/mL cells and normal DHA kinase activity of 0.15 (0.011) U / g Hb. Activity using DHA and GA is approximately the same.	"((0.15 U / g Hb)/(0.35 U / g Hb)) * (0.1 U / mL cells)
* (1e3 mL cells / 1 L cells)
* (1 umol / min / 1 U)
* (1 mmol / 1e3 umol)
* (60 min / 1 hr)"
GGLUCTC	Gamma-glutamylcyclotransferase (L-cysteine)	gglucys__L_c --> 5oxpro_c + cys__L_c	Glutathione metabolism	intracellular	0	2.24	mmol / (hr * L cells)	pubmed:20498365	"Human erythrocytes at 37 C,Mean (SE): Vmax = 2.24 mmol / (L cells * hr)
Modeled value for matching experimental data (pubmed:20498365)"	2.24 mmol / (L cells * hr)
GLUCYS	Gamma-glutamylcysteine synthetase	atp_c + cys__L_c + glu__L_c --> adp_c + gglucys__L_c + h_c + pi_c	Glutathione metabolism	intracellular	0	14	mmol / (hr * L cells)	pubmed:20498365	"Human erythrocytes at 37 C,Mean (SE): Vmax = 14 mmol / (L cells * hr).
Modeled value for matching experimental data (pubmed:20498365)"	14 mmol / (L cells * hr)
GTHOy	Glutathione oxidoreductase (NADPH)	gthox_c + h_c + nadph_c --> 2.0 gthrd_c + nadp_c	Glutathione metabolism	intracellular	0	154.2	mmol / (hr * L cells)	DOI:10.1515/9783111433998-035	"Activity measured at 37 C. Normal value = 25.7 (3.0) U / 1e11 cells
1 U = 1 umol substrate converted/1 min. U per 1e11 cells corresponds to about 0.35 U per g Hb ~= 0.1 U/mL cells (DOI:10.1515/9783111433998-035)"	"25.7 * 0.1 U/mL cells
* (1e3 mL / 1 L)
* (1 umol / 1 min / 1 U)
* (1 mmol / 1e3 umol)
* (60 min / 1 hr)"
GTHS	Glutathione synthetase (Gamma-L-glutamyl-L-cysteine)	atp_c + gglucys__L_c + gly_c --> adp_c + gthrd_c + h_c + pi_c	Glutathione metabolism	intracellular	0	20.4	mmol / (hr * L cells)	pubmed:20498365;pubmed:15693022	"Human erythrocytes at 37 C, Reported Vmax (SE) = 20.4 (1.6) mmol / (L cells * hr).
Stated in pubmed:20498365, citing pubmed:15693022"	20.4 mmol / (L cells * hr)
ALCD19y	Glycerol:NADP+ oxidoreductase	glyald_c + h_c + nadph_c --> glyc_c + nadp_c	Glycerolipid metabolism	intracellular	0	2.784	mmol / (hr * L cells)	pubmed:3082363	"Blood samples were incubated with varying concentrations of glucose for 6 h at 37 C, enzyme was quantitated after
partial purification by DE-52. At 50 mM, max measured value for activiation. Mean (SD) Aldose reductase w/ glyceraldehyde: 46.4 (8.0) munits / mL cells"	"46.4 munits / mL cells
* ((1 nmol / min) / 1 munit)
* (1 mmol / 1e6 nmol)
* (60 min / 1 hr)
* (1e3 mL cells / 1 L cells)"
DHAK	Dihydroxyacetone kinase	atp_c + dha_c --> adp_c + dhap_c + h_c	Glycerolipid metabolism	intracellular	0	2.571428571	mmol / (hr * L cells)	pubmed:4688871	Using approximate conversion of 0.35 U per g Hb ~= 0.1 U/mL cells and normal DHA kinase activity of 0.15 (0.011) U / g Hb. Activity using DHA and GA is approximately the same.	"((0.15 U / g Hb)/(0.35 U / g Hb)) * (0.1 U / mL cells)
* (1e3 mL cells / 1 L cells)
* (1 umol / min / 1 U)
* (1 mmol / 1e3 umol)
* (60 min / 1 hr)"
MAGL1	Monoacylglycerol (MG) lipase	h2o_c + mag_hs_c --> FA_hs_c + glyc_c + h_c	Glycerolipid metabolism	intracellular	0	0.8928	mmol / (hr * L cells)	pubmed:7240371	"Activity in RBC from the cord blood of 16 normal infants was found to be 43% higher than that in adults, with an average activity of 1458 (174) mU (mean (SD))
Assays were carried out in at 37 C using ethyl [3H]oleate. Assume no distinction for 1(3) position or 2 position"	"1458 m-unit / 1e12 cells
* (1 nmol / min / m-unit)
* (1 mmol / 1e6 nmol)
* (60 min / 1 hr)
* (1 cell / 100e-15 L cell)"
MAGL2	Monoacylglycerol (MG) lipase	h2o_c + mag_hs_c --> FA_hs_c + glyc_c + h_c	Glycerolipid metabolism	intracellular	0	0.8928	mmol / (hr * L cells)	pubmed:7240371	"Activity in RBC from the cord blood of 16 normal infants was found to be 43% higher than that in adults, with an average activity of 1458 (174) mU (mean (SD))
Assays were carried out in at 37 C using ethyl [3H]oleate. Assume no distinction for 1(3) position or 2 position"	"1458 m-unit / 1e12 cells
* (1 nmol / min / m-unit)
* (1 mmol / 1e6 nmol)
* (60 min / 1 hr)
* (1 cell / 100e-15 L cell)"
LPCLPLB	Lysophosphatidylcholine (LPC) lysophospholipase B2	h2o_c + lpc_hs_c --> FA_hs_c + g3pc_c + h_c	Glycerophospholipid metabolism	intracellular	0	0.63	mmol / (hr * L cells)	pubmed:8444178;pubmed:6692003	"One activity unit was defined as the amount of enzyme which catalysed the release of 1 umol fatty acid/min at 37 C. With the value of 350 mg protein per L per mature human RBC, specific activity was calculated to be about 10.5 U/L/RBC with Roelofsen's data
stated in pubmed:8444178, citing pubmed:6692003."	"10.5 umol / min / L cells
* (1 mmol / 1e3 umol)
* (60 min / 1 hr)"
LPCLPLD	Lysophosphatidylcholine (LPC) lysophospholipase D	h2o_c + lpc_hs_c --> chol_c + h_c + lpa_hs_c	Glycerophospholipid metabolism	intracellular	0	6.211764706	mmol / (hr * L cells)	pubmed:1318026	n = 8. Mean (SE) rate of GPC release of choline from hemolysate (Hct = 0.85) of one donors: 88 (14) umol / (hr * L lysate)	"88 umol / min / L hemolysate
* (L hemolysate / 0.85 L cells)
* (1 mmol / 1e3 umol)
* (60 min / 1 hr)"
PCPLD	Phosphatidylcholine (PC) phospholipase D	h2o_c + pc_hs_c --> chol_c + h_c + pa_hs_c	Glycerophospholipid metabolism	intracellular	0	6.847058824	mmol / (hr * L cells)	pubmed:1318026	n = 9. Mean (SE) rate of PC release of choline from hemolysate (Hct = 0.85) of one donors: 97 (26) umol / (hr * L lysate)	"97 umol / min / L hemolysate
* (L hemolysate / 0.85 L cells)
* (1 mmol / 1e3 umol)
* (60 min / 1 hr)"
PENMT2	Phosphatidyl-(N-methyl)-ethanolamine (PE-NMe) N-methyltransferase	amet__L_c + penme_hs_c --> ahcys__L_c + h_c + penme2_hs_c	Glycerophospholipid metabolism	intracellular	0	0.0000756	mmol / (hr * L cells)	pubmed:2722775	"Human erythrocytes assayed at 37C. Normally ~2 mg of RBC membrane protein/ml of packed RBCs. Varied AdoMet, PE 16:0/16:0: PME Vmax = 0.63 (0.05) pmol / min / mg"	"0.63 pmol / min / mg
* (2 mg protein / 1 mL cells)
* (1 mmol / 1e9 pmol)
* (60 min / 1 hr)"
PENMT3	Phosphatidyl-(N-dimethyl)-ethanolamine (PE-NMe2) N-methyltransferase	amet__L_c + penme2_hs_c --> ahcys__L_c + h_c + pc_hs_c	Glycerophospholipid metabolism	intracellular	0	0.0000516	mmol / (hr * L cells)	pubmed:2722775	"Human erythrocytes assayed at 37C. Normally ~2 mg of RBC membrane protein/ml of packed RBCs. Varied AdoMet, PE 16:0/16:0: PDE Vmax = 0.43 (0.03) pmol / min / mg"	"0.43 pmol / min / mg
* (2 mg protein / 1 mL cells)
* (1 mmol / 1e9 pmol)
* (60 min / 1 hr)"
GAPD	Glyceraldehyde-3-phosphate dehydrogenase	g3p_c + nad_c + pi_c <=> 13dpg_c + h_c + nadh_c	Glycolysis / Gluconeogenesis	intracellular	-3876	3876	mmol / (hr * L cells)	DOI:10.1515/9783111433998-035	"Activity measured at 37 C. Normal value = 646 (138.9) U / 1e11 cells, 13DPG --> G3P, assume forward=reverse
1 U = 1 umol substrate converted/1 min. U per 1e11 cells corresponds to about 0.35 U per g Hb ~= 0.1 U/mL cells (DOI:10.1515/9783111433998-035)"	"646 * 0.1 U/mL cells
* (1e3 mL / 1 L)
* (1 umol / 1 min / 1 U)
* (1 mmol / 1e3 umol)
* (60 min / 1 hr)"
TPI	Triose-phosphate isomerase	dhap_c <=> g3p_c	Glycolysis / Gluconeogenesis	intracellular	-3668.421053	41820	mmol / (hr * L cells)	pubmed:10477269	"697000 units / L erythrocytes, 37 C, pH 7.6.
Stated in pubmed:10477269, citing  (IBSN:9780808916727)."	"697000 units / L cells
* (1 umol / 1 min / 1 unit)
* (1 mmol / 1e3 umol)
* (60 min / 1 hr)"
PGK	Phosphoglycerate kinase	13dpg_c + adp_c <=> 3pg_c + atp_c	Glycolysis / Gluconeogenesis	intracellular	-2534.4	6336	mmol / (hr * L cells)	pubmed:10477269	"105600 units / L erythrocytes, 37 C, pH 7.6.
Stated in pubmed:10477269, citing (IBSN:9780808916727)
Calculated assuming activity in glycolytic direction is 2.5 times reverse direction "	"105600 units / L cells
* (1 umol / 1 min / 1 unit)
* (1 mmol / 1e3 umol)
* (60 min / 1 hr)"
PGI	Glucose-6-phosphate isomerase (beta-D-glucose 6-phosphate)	g6p_c <=> f6p_c	Glycolysis / Gluconeogenesis	intracellular	-1203.84	1003.2	mmol / (hr * L cells)	pubmed:10477269	"20064 units / L erythrocytes, 37 C, pH 7.6, reverse direction.
Stated in pubmed:10477269, citing pubmed:4421639;IBSN:9780808916727
The specific activity of the reverse reaction was found to be 1.2 times that of the forward reaction (pubmed:14408402)"	"20064 units / L cells
* (1 umol / 1 min / 1 unit)
* (1 mmol / 1e3 umol)
* (60 min / 1 hr)"
LDH_L	L-lactate dehydrogenase	h_c + nadh_c + pyr_c <=> lac__L_c + nad_c	Glycolysis / Gluconeogenesis	intracellular	-1070.27027	3960	mmol / (hr * L cells)	pubmed:10477269	"66000 units / L erythrocytes, 37 C, pH 7.6.
Stated in pubmed:10477269, citing (IBSN:9780808916727).
Forward reaction (PYR --> LAC) is 4.7 times that of the reverse reaction"	"66000 units / L cells
* (1 umol / 1 min / 1 unit)
* (1 mmol / 1e3 umol)
* (60 min / 1 hr)"
PGM	Phosphoglycerate mutase	3pg_c <=> 2pg_c	Glycolysis / Gluconeogenesis	intracellular	-746.64	746.64	mmol / (hr * L cells)	IBSN:9780808916727	Normal human erythrocyte activity in the reverse direction: 12444 U / L cells	"12444 umol / min / L cells
* (1 mmol / 1e3 umol)
* (60 min / 1 hr)"
DPGM	Diphosphoglyceromutase	13dpg_c <=> 23dpg_c + h_c	Glycolysis / Gluconeogenesis	intracellular	-94.62	94.62	mmol / (hr * L cells)	IBSN:9780808916727	"Measured BPGS activity in human erythrocytes (1577 units/litre of erythrocytes, pH 7.6, 37 C)"	"1577 umol / min / L cells
* (1 mmol / 1e3 umol)
* (60 min / 1 hr)"
FBA	Fructose-bisphosphate aldolase	fdp_c <=> dhap_c + g3p_c	Glycolysis / Gluconeogenesis	intracellular	-67.2	67.2	mmol / (hr * L cells)	DOI:10.1515/9783111433998-035	"Activity measured at 37 C. Normal value = 11.2 (1.9) U / 1e11 cells
1 U = 1 umol substrate converted/1 min. U per 1e11 cells corresponds to about 0.35 U per g Hb ~= 0.1 U/mL cells (DOI:10.1515/9783111433998-035)"	"11.2 * 0.1 U/mL cells
* (1e3 mL / 1 L)
* (1 umol / 1 min / 1 U)
* (1 mmol / 1e3 umol)
* (60 min / 1 hr)"
ENO	Enolase	2pg_c <=> h2o_c + pep_c	Glycolysis / Gluconeogenesis	intracellular	-28.57142857	108	mmol / (hr * L cells)	pubmed:10477269	"1800 units / L erythrocytes, 37 C, pH 7.6.
Stated in pubmed:10477269, citing (IBSN:9780808916727).
The maximal rate of the forward reaction has been reported to be 3.78 times that of the reverse reaction."	"1800 units / L cells
* (1 umol / 1 min / 1 unit)
* (1 mmol / 1e3 umol)
* (60 min / 1 hr)"
DPG3P	"2,3-bisphosphoglycerate 3-phosphatase"	23dpg_c + h2o_c --> 2pg_c + pi_c	Glycolysis / Gluconeogenesis	intracellular	0	0.6	mmol / (hr * L cells)	pubmed:18413611	"Indirect estimation of the capacity of MIPP1 to hydrolyze 2,3-BPG in vivo is 0.6 (0.05) mmol/liter of cells per h (n = 4).
Mean (SEM) at 37 C for HsMIPP1. Vmax = 15.8 (0.2) nmol/mg of protein per min, 40 ug protein, assay vol not explicitly stated but in cited methods paper, the assay volume was, ~0.1 to 0.2 mL, molecular weight of protein ~= 550551 g/mol."	"15.8 nmol / min / mg protein
* (1m mol / 1e6 nmol)
* (1 mg / 1e3 ug)
* (40 ug / 0.1 mL water)
* (1e3 mL / 1 L)
* (60 min / 1 hr)
* (1 L cell / 0.717 L water)"
DPGase	"2,3-bisphosphoglycerate 2-phosphatase"	23dpg_c + h2o_c --> 3pg_c + pi_c	Glycolysis / Gluconeogenesis	intracellular	0	0.84	mmol / (hr * L cells)	pubmed: 4317427	"Human erythrocyte 2,3-DPG phosphatase at 37 C with activator Pi. Vmax in the presence of 0.1 M KC1 and saturating Pi is 0.84 pmole per hour per ml of cells."	"0.84 umol / (mL cells * hr)
* (1 mmol / 1e3 umol)
* (1e3 mL cells / 1 L cells)"
HEX1	Hexokinase (beta-D-glucose:ATP)	atp_c + glc__D_c --> adp_c + g6p_c + h_c	Glycolysis / Gluconeogenesis	intracellular	0	12	mmol / (hr * L cells)	pubmed:7061426;DOI:10.1515/9783111433998-035;pubmed:4421639	"Activity defined as 1 pmol of ADP/min at 37 C. 100%, 100%, and 100% of maximal velocity relative to glucose using D(+)-glucose, Hexokinase Ia, Ib, and Ic respectively. Hexokinase Ia values used.
Activity measured at 37 C. The basic glycolytic flux is adjusted to about one-tenth of the hexokinase via effectors.
Hexokinase has the lowest capacity among the glycolytic enzymes (12 umol/mL cells * hr), and operates at a higher fraction of its maximal activity than all other enzymes of the glycolytic chain
Vmax = 12 umol / (mL cells * hr) [pubmed:4421639]"	"(100/100) * 12 umol / (mL cells * hr)
* (1 mmol / 1e3 umol)
* (1e3 mL / 1 L)"
HEX1a	Hexokinase (alpha-D-glucose:ATP)	atp_c + glc__aD_c --> adp_c + g6p__aD_c + h_c	Glycolysis / Gluconeogenesis	intracellular	0	9.6	mmol / (hr * L cells)	pubmed:7061426;DOI:10.1515/9783111433998-035;pubmed:4421639;pubmed:3768015	"Activity defined as 1 pmol of ADP/min at 37 C. 100%, 100%, and 100% of maximal velocity relative to glucose using D(+)-glucose, Hexokinase Ia, Ib, and Ic respectively. Hexokinase Ia values used.
Activity measured at 37 C. The basic glycolytic flux is adjusted to about one-tenth of the hexokinase via effectors.
Hexokinase has the lowest capacity among the glycolytic enzymes (12 umol/mL cells * hr), and operates at a higher fraction of its maximal activity than all other enzymes of the glycolytic chain
Vmax = 12 umol / (mL cells * hr) [pubmed:4421639]
At 37 C, beta/alpha ratios of metabolism and phosphorylation of glucose at 2 mM were 1.24 and 1.22, respectively.  (pubmed:3768015)"	"(100/100) * 12 umol / (mL cells * hr)
* (1 mmol / 1e3 umol)
* (1e3 mL / 1 L)
* (1 / 1.25)"
PFK	Phosphofructokinase	atp_c + f6p_c --> adp_c + fdp_c + h_c	Glycolysis / Gluconeogenesis	intracellular	0	216	mmol / (hr * L cells)	pubmed:10477269	"3600 units / L erythrocytes, 37 C, pH 7.6.
Stated in pubmed:10477269, citing (IBSN:9780808916727)"	"3600 units / L cells
* (1 umol / 1 min / 1 unit)
* (1 mmol / 1e3 umol)
* (60 min / 1 hr)"
PYK	Pyruvate kinase	adp_c + h_c + pep_c --> atp_c + pyr_c	Glycolysis / Gluconeogenesis	intracellular	0	342	mmol / (hr * L cells)	DOI:10.1515/9783111433998-035	"Activity measured at 37 C. Normal value = 57.0 (11.9) U / 1e11 cells, assume forward=reverse
1 U = 1 umol substrate converted/1 min. U per 1e11 cells corresponds to about 0.35 U per g Hb ~= 0.1 U/mL cells (DOI:10.1515/9783111433998-035)"	"57.0 * 0.1 U/mL cells
* (1e3 mL / 1 L)
* (1 umol / 1 min / 1 U)
* (1 mmol / 1e3 umol)
* (60 min / 1 hr)"
OXYHBAOX	Auto-oxidation of oxyhemoglobin	oxyhb_c --> methb_c + o2s_c	Hemoglobin binding and degradation	intracellular	0.01	DEFAULT	mmol / (hr * L cells)	pubmed:10477269	In normal erythrocytes the rate of Fe(II) oxidation and subsequent reduction is 1.5% of the total subunit concentration per day [29]; in other words 10 umol / L erythrocytes / hr	"10 umol / (hr * L  cells)
* (1 mmol / 1e3 umol)"
LTA4H	Leukotriene A4 hydrolase	h2o_c + leuktrA4_c --> leuktrB4_c	Leukotriene metabolism	intracellular	0	0.0615186	mmol / (hr * L cells)	pubmed:2995393	Enzyme kinetics determined at 37 C. Vmax = 0.29 to 1.43 nmol LTB4 / ml / min	"1.43 nmol / (min * mL water)
* (1 mmol / 1e6 nmol)
* (60 min / 1 hr)
* (1e3 mL / 1 L)
* (0.717 L water / L cells)"
NTPPI	Nucleoside triphosphate pyrophosphorylase (ITP)	h2o_c + itp_c --> h_c + imp_c + ppi_c	Nucleotide metabolism	intracellular	0	5.16E-05	mmol / (hr * L cells)	pubmed:33191	"ITP pyrophosphohydrolase activity of human RBCs at 37 C, Vmax = 1.2 *1e-9 mol / min / L cell water"	"1.2 *1e-9 mol / min / L cell water
* (1e3 mmol / 1 mol)
* (60 min / 1 hr)
* (0.717 L cell water / 1 L cells)"
23CN3PA	"2',3'-cyclic-nucleotide 3'-phosphodiesterase (2-AMP)"	23camp_c + h2o_c --> 2amp_c + h_c	Nucleotide metabolism	intracellular	0	55.44	mmol / (hr * L cells)	pubmed:4333432	"Relative activity of CNPase Adenosine-2',3' cyclic phosphate: 100%. Packed erythrocytes (10 ml) were haemolysed, final membrane preparation produced 31.6 mg protein with 9.24 U total activity.
One unit (U) of enzyme is defined as the amount of enzyme that produces 1 umol per min at 37 under standard assay conditions. In hemolysate, total activity is 5.6, then increases suggesting that activity is unmasked."	"9.24 umol/min/10 mL cells
* (1 mmol / 1e3 umol)
* (60 min / 1 hr)
* (1e3 mL cells / 1 L cells)"
23CN3PC	"2',3'-cyclic-nucleotide 3'-phosphodiesterase (2-CMP)"	23ccmp_c + h2o_c --> 2cmp_c + h_c	Nucleotide metabolism	intracellular	0	22.7304	mmol / (hr * L cells)	pubmed:4333432	"Relative activity of CNPase Guanosine-2',3' cyclic phosphate: 41%. Packed erythrocytes (10 ml) were haemolysed, final membrane preparation produced 31.6 mg protein with 9.24 U total activity.
One unit (U) of enzyme is defined as the amount of enzyme that produces 1 umol per min at 37 under standard assay conditions. "	"9.24 * 0.41 umol/min/10 mL cells
* (1 mmol / 1e3 umol)
* (60 min / 1 hr)
* (1e3 mL cells / 1 L cells)"
23CN3PG	"2',3'-cyclic-nucleotide 3'-phosphodiesterase (2-GMP)"	23cgmp_c + h2o_c --> 2gmp_c + h_c	Nucleotide metabolism	intracellular	0	15.5232	mmol / (hr * L cells)	pubmed:4333432	"Relative activity of CNPase Cytidine-2',3' cyclic phosphate: 28%. Packed erythrocytes (10 ml) were haemolysed, final membrane preparation produced 31.6 mg protein with 9.24 U total activity.
One unit (U) of enzyme is defined as the amount of enzyme that produces 1 umol per min at 37 under standard assay conditions. "	"9.24 * 0.28 umol/min/10 mL cells
* (1 mmol / 1e3 umol)
* (60 min / 1 hr)
* (1e3 mL cells / 1 L cells)"
23CN3PU	"2',3'-cyclic-nucleotide 3'-phosphodiesterase (2-UMP)"	23cump_c + h2o_c --> 2ump_c + h_c	Nucleotide metabolism	intracellular	0	7.2072	mmol / (hr * L cells)	pubmed:4333432	"Relative activity of CNPase Uridine-2',3' cyclic phosphate: 13%. Packed erythrocytes (10 ml) were haemolysed, final membrane preparation produced 31.6 mg protein with 9.24 U total activity.
One unit (U) of enzyme is defined as the amount of enzyme that produces 1 umol per min at 37 under standard assay conditions. "	"9.24 * 0.13  umol/min/10 mL cells
* (1 mmol / 1e3 umol)
* (60 min / 1 hr)
* (1e3 mL cells / 1 L cells)"
PNTOK	ATP:pantothenate 4'-phosphotransferase	atp_c + pnto__R_c --> 4ppnto__R_c + adp_c + h_c	Pantothenate and CoA metabolism	intracellular	0	0.0032	mmol / (hr * L cells)	pubmed:9553068	"The rate of phosphorylation in normal uninfected erythrocyte lysates at 37 C, calculated using intracellular water volume 75 (4) fl (n = 16): 0.32 (0.07) _mol/(1e12 cells * h)
Transport, then PANK are the rate-limiting step in CoA biosynthesis in human erythrocytes."	"0.32 * umol/(1e12 cells * hr)
* (1 mmol / 1e3 umol)
* (1 cell / 100e-15 L cell)"
PGL	6-phosphogluconolactonase	6pgl_c + h2o_c <=> 6pgc_c + h_c	Pentose phosphate pathway	intracellular	-1440	1440	mmol / (hr * L cells)	pubmed:2141093;pubmed:4018089	"Activity at 37 C. Vmax = 1440 mmol / (L * hr)
Stated in pubmed:2141093, citing pubmed:4018089"
G6PDH2	Glucose 6-phosphate dehydrogenase	g6p_c + nadp_c --> 6pgl_c + h_c + nadph_c	Pentose phosphate pathway	intracellular	0	183.6	mmol / (hr * L cells)	DOI:10.1515/9783111433998-035	"Activity measured at 37 C. Normal value = 30.6 (4.5) U / 1e11 cells, assume forward=reverse
1 U = 1 umol substrate converted/1 min. U per 1e11 cells corresponds to about 0.35 U per g Hb ~= 0.1 U/mL cells (DOI:10.1515/9783111433998-035)"	"30.6 * 0.1 U/mL cells
* (1e3 mL / 1 L)
* (1 umol / 1 min / 1 U)
* (1 mmol / 1e3 umol)
* (60 min / 1 hr)"
GND	Phosphogluconate dehydrogenase	6pgc_c + nadp_c --> co2_c + nadph_c + ru5p__D_c	Pentose phosphate pathway	intracellular	0	193.1598	mmol / (hr * L cells)	pubmed:4018089	"12 healthy donors, enzyme  assays weredone at pH 7.2, I = 0.15 M, 37 C. Mean (SD) Vmax = 4490 (300) umol / (L cell water * min) "	"4490  umol / (L cell water * min)
* (1 mmol / 1e3 umol)
* (0.717 L cell water / 1 L cells)
* (60 min / 1 hr)"
PRPPS	Phosphoribosylpyrophosphate synthetase	atp_c + r5p_c --> amp_c + h_c + prpp_c	Pentose phosphate pathway	intracellular	0	0.544	mmol / (hr * L cells)	pubmed:2141093	"Activity at 37 C. Vmax = 0.544 mmol / (L * hr)
Stated in pubmed:2141093"
PPBNGS	Delta-aminolevulinic acid dehydratase	2.0 5aop_c --> 2.0 h2o_c + h_c + ppbng_c	Porphyrin metabolism	intracellular	0	2.513	mmol / (hr * L cells)	pubmed:900140	ALAD activity measured at 37 C in 89 control subjects. Assay meant to ensure maximal activity. Mean (SD) Vmax = 2513 (724) nmol PBG / (hr * mL cells)	"2513 nmol / (hr * mL cells)
* (1 mmol / 1e6 nmol)
* (1e3 mL cell / 1 L cells)"
UPPG3S	Uroporphyrinogen-III synthase	hmbil_c --> h2o_c + uppg3_c	Porphyrin metabolism	intracellular	0	0.0308	mmol / (hr * L cells)	pubmed:900140	UROS activity measured at 37 C in 59 control subjects. Mean (SD) Vmax = 30.8 (5.6) nmol uroporphyrinogen / (hr * mL cells)	"30.8 nmol / (hr * mL cells)
* (1 mmol / 1e6 nmol)
* (1e3 mL cell / 1 L cells)"
PROTKFRU3K	Protein fructosamine 3-kinase	atp_c + protres_frulys_c --> adp_c + h_c + protres_frulys3p_c	Protein modification	intracellular	0	0.6	mmol / (hr * L cells)	pubmed:1599419	The accumulation of Fru-3-P has an apparent Km of 30 mm with respect to the external fructose concentration and an apparent Vm of Fru-3-P formation of 0.6 umol/h per mL cells at 37C. May also refer to activity for protein.	"0.6 umol/(mL cells * hr)
* (1 mmol / 1e3 umol)
* (1e3 mL cells / 1 L cells)"
ADK1	Adenylate kinase (AMP:ATP)	amp_c + atp_c <=> 2.0 adp_c	Purine metabolism	intracellular	-5106	5106	mmol / (hr * L cells)	pubmed:10477269	"85100 units / L erythrocytes, 37 C, pH 7.6. (2 ADP --> AMP + ATP).
Stated in pubmed:10477269, citing (IBSN:9780808916727)"	"85100 units / L cells
* (1 umol / 1 min / 1 unit)
* (1 mmol / 1e3 umol)
* (60 min / 1 hr)"
ADA	Adenosine deaminase	adn_c + h2o_c + h_c --> ins_c + nh4_c	Purine metabolism	intracellular	0	35.7894	mmol / (hr * L cells)	pubmed:9022297	Adenine nucleotide metabolism enzymes assayed at 37 C. Kinetics calculated using 337 mg protein / ml erythrocytes.Mean (SD) Vmax = 1.77 (0.08) pmol / (min * ug protein)	"1.77 pmol / (min * ug protein)
* (1 mmol / 1e9 pmol)
* (1e3 ug protein/ 1 mg protein)
* (337 mg protein / mL cells)
* (1e3 mL cells / 1 L cells)
* (60 min / 1 hr)"
ADNK1	Adenosine kinase	adn_c + atp_c --> adp_c + amp_c + h_c	Purine metabolism	intracellular	0	2.4	mmol / (hr * L cells)	pubmed:2141093	"Activity at 37 C. Vmax = 2.4 mmol / (L * hr)
Stated in pubmed:2141093, citing pubmed: 6285649; pubmed: 7345824"
ADPT	Adenine phosphoribosyltransferase	ade_c + prpp_c --> amp_c + ppi_c	Purine metabolism	intracellular	0	2.46684	mmol / (hr * L cells)	pubmed:9022297	Adenine nucleotide metabolism enzymes assayed at 37 C. Kinetics calculated using 337 mg protein / ml erythrocytes.Mean (SD) Vmax = 0.122 (0.007) pmol / (min * ug protein)	"0.122 pmol / (min * ug protein)
* (1 mmol / 1e9 pmol)
* (1e3 ug protein/ 1 mg protein)
* (337 mg protein / mL cells)
* (1e3 mL cells / 1 L cells)
* (60 min / 1 hr)"
AMPDA	Adenosine monophosphate deaminase	amp_c + h2o_c + h_c --> imp_c + nh4_c	Purine metabolism	intracellular	0	5.31786	mmol / (hr * L cells)	pubmed:9022297	Adenine nucleotide metabolism enzymes assayed at 37 C. Kinetics calculated using 337 mg protein / ml erythrocytes.Mean (SD) Vmax = 0.263 (0.077) pmol / (min * ug protein)	"0.263 pmol / (min * ug protein)
* (1 mmol / 1e9 pmol)
* (1e3 ug protein/ 1 mg protein)
* (337 mg protein / mL cells)
* (1e3 mL cells / 1 L cells)
* (60 min / 1 hr)"
DADA	Deoxyadenosine deaminase	2dadn_c + h2o_c + h_c --> 2dins_c + nh4_c	Purine metabolism	intracellular	0	6.3693	mmol / (hr * L cells)	pubmed:9022297	Adenine nucleotide metabolism enzymes assayed at 37 C. Kinetics calculated using 337 mg protein / ml erythrocytes.Mean (SD) Vmax = 0.315 (0.013) pmol / (min * ug protein)	"0.315 pmol / (min * ug protein)
* (1 mmol / 1e9 pmol)
* (1e3 ug protein/ 1 mg protein)
* (337 mg protein / mL cells)
* (1e3 mL cells / 1 L cells)
* (60 min / 1 hr)"
DADNK1	Deoxyadenosine kinase	2dadn_c + atp_c --> adp_c + damp_c + h_c	Purine metabolism	intracellular	0	0.1362828	mmol / (hr * L cells)	pubmed:9022297	Adenine nucleotide metabolism enzymes assayed at 37 C. Kinetics calculated using 337 mg protein / ml erythrocytes.Mean (SD) Vmax = 0.00674 (0.00039) pmol / (min * ug protein)	"0.00674 pmol / (min * ug protein)
* (1 mmol / 1e9 pmol)
* (1e3 ug protein/ 1 mg protein)
* (337 mg protein / mL cells)
* (1e3 mL cells / 1 L cells)
* (60 min / 1 hr)"
GK1	Guanylate kinase (ATP:GMP)	atp_c + gmp_c <=> adp_c + gdp_c	Purine metabolism	intracellular	0	0.21	mmol / (hr * L cells)	pubmed:4072092	Human erythrocytes incubated at 37C and pH 7.4. Higher guanosine affluent (~ 60 umol/L extracellular guanosine). Value determined to be 0.21 mmol / (L cells * hr)
HXPRT	Hypoxanthine phosphoribosyltransferase (Hypoxanthine)	hxan_c + prpp_c --> imp_c + ppi_c	Purine metabolism	intracellular	0	54.9984	mmol / (hr * L cells)	pubmed:9022297	Adenine nucleotide metabolism enzymes assayed at 37 C. Kinetics calculated using 337 mg protein / ml erythrocytes.Mean (SD) Vmax = 2.72 (0.07) pmol / (min * ug protein)	"2.72 pmol / (min * ug protein)
* (1 mmol / 1e9 pmol)
* (1e3 ug protein/ 1 mg protein)
* (337 mg protein / mL cells)
* (1e3 mL cells / 1 L cells)
* (60 min / 1 hr)"
NTDDAMP	5'-nucleotidase (dAMP)	damp_c + h2o_c --> 2dadn_c + pi_c	Purine metabolism	intracellular	0	3.09366	mmol / (hr * L cells)	pubmed:9022297	Adenine nucleotide metabolism enzymes assayed at 37 C. Kinetics calculated using 337 mg protein / ml erythrocytes.Mean (SD) Vmax = 0.153 (0.015) pmol / (min * ug protein)	"0.153 pmol / (min * ug protein)
* (1 mmol / 1e9 pmol)
* (1e3 ug protein/ 1 mg protein)
* (337 mg protein / mL cells)
* (1e3 mL cells / 1 L cells)
* (60 min / 1 hr)"
PUNP5	Purine-nucleoside phosphorylase (inosine)	ins_c + pi_c --> hxan_c + r1p_c	Purine metabolism	intracellular	0	24.264	mmol / (hr * L cells)	pubmed:9022297	Adenine nucleotide metabolism enzymes assayed at 37 C. Kinetics calculated using 337 mg protein / ml erythrocytes.Mean (SD) Vmax = 1.2 (0.06) pmol / (min * ug protein)	"1.2 pmol / (min * ug protein)
* (1 mmol / 1e9 pmol)
* (1e3 ug protein/ 1 mg protein)
* (337 mg protein / mL cells)
* (1e3 mL cells / 1 L cells)
* (60 min / 1 hr)"
PUNP6	Purine-nucleoside phosphorylase (deoxyinosine)	2dins_c + pi_c <=> 2dr1p_c + hxan_c	Purine metabolism	intracellular	0	53.1786	mmol / (hr * L cells)	pubmed:9022297	Adenine nucleotide metabolism enzymes assayed at 37 C. Kinetics calculated using 337 mg protein / ml erythrocytes.Mean (SD) Vmax = 2.63 (0.15) pmol / (min * ug protein)	"2.63 pmol / (min * ug protein)
* (1 mmol / 1e9 pmol)
* (1e3 ug protein/ 1 mg protein)
* (337 mg protein / mL cells)
* (1e3 mL cells / 1 L cells)
* (60 min / 1 hr)"
NTDCMP	5'-nucleotidase (CMP)	cmp_c + h2o_c --> cytd_c + pi_c	Pyrimidine metabolism	intracellular	0	1.92	mmol / (hr * L cells)	pubmed:3019755	"The P5N activities (umol/L of packed cells/min) obtained for red cells of multiple sclerosis patients and normal controls were 36 (2.9) and 32 (2.7), respectively"	"32 (2.9) umol / (L cells * min)
* (1 mmol / 1e3 umol)
* (60 min / 1 hr)"
LGTHL	Lactoylglutathione lyase	gthrd_c + mthgxl_c --> slgth__R_c	Pyruvate metabolism	intracellular	0	4224	mmol / (hr * L cells)	pubmed:2226450	"Human erythrocyte hemolysates at 37 C, 0.85 hematocrit. The maximal velocity of glyoxalase 1 is threefold greater (Vmax= 70.4 (4.7) mmol / min * L cells) than glyoxalase 2 (Vmax= 24 (5) mmol / min * L cells) "	"70.4 mmol / (min * L cells)
* (60 min / 1 hr)"
GLYOX	Hydroxyacylglutathione hydrolase	h2o_c + slgth__R_c --> gthrd_c + h_c + lac__D_c	Pyruvate metabolism	intracellular	0	1440	mmol / (hr * L cells)	pubmed:2226450	"Human erythrocyte hemolysates at 37 C, 0.85 hematocrit. The maximal velocity of glyoxalase 1 is threefold greater (Vmax= 70.4 (4.7) mmol / min * L packed cells) than glyoxalase 2 (Vmax= 24 (5) mmol / min * L packed cells) "	"24 mmol / (min * L cells)
* (60 min / 1 hr)"
SPHGNSK	Sphingosine kinase	atp_c + sphings_c --> adp_c + h_c + sphs1p_c	Sphingolipid metabolism	intracellular	0	0.022248	mmol / (hr * L cells)	pubmed:17418101	"Sph kinase activity in erythrocytes, assayed at 37 C. 3 pmol/min/mg activity, Mean total protein (SE) = 1236 (60) ug protein / 1e8 cells"	"3 pmol / min / mg
* (1 mmol / 1e9 pmol)
* (1 mg / 1e3 ug)
* (1236 ug / 1e8 cells)
* (1 cell / 100e-15 L)
* (60 min / 1 hr)"
FUM	Fumarase	mal__L_c <=> fum_c + h2o_c	Tricarboxylic acid cycle and glyoxylate/dicarboxylate metabolism	intracellular	-354	960	mmol / (hr * L cells)	pubmed:29315908	"Fumarase activity in fresh hemolysates [hematocrit (Ht) = 43.5%], recorded using 1H spin_echo nuclear magnetic resonance (NMR) spectra at 37C every 5 s over the course of ~20 min.
Fum --> Mal, Vmax =5.9 (0.3) mmol / (L cells * min)
Mal --> Fum, Vmax =16.0 (0.6) mmol / (L cells * min)"	"5.9 mmol / (L cells * min)
* (60 min / 1 hr)
16.0 mmol / (L cells * min)
* (60 min / 1 hr)"
OAADC	Oxaloacetate decarboxylase	h_c + oaa_c --> co2_c + pyr_c	Tricarboxylic acid cycle and glyoxylate/dicarboxylate metabolism	intracellular	0	340000	mmol / (hr * L cells)	pubmed:7138916	"15 mM oxaloacetate is added to erythrocyte lysates, the oxaloacetate spectrum disappears rapidly and the pyruvate resonance grows over the same time course. The time course of pyruvate production corresponds to an initial velocity of 340 mmol / (hr * mL erythrocytes)"	"340 mmol / (hr * mL cells)
* (1e3 mL cells / 1 L cells)"
CADPRIBtec	Cyclic ADP ribose transport	cadprib_e --> cadprib_c	Nicotinate and nicotinamide metabolism	transport	0	0.0877608	mmol / (hr * L cells)	pubmed:8394137	"Vmax = 2.04 (0.1) pmol / min / uL cell water
Ecto-NADase may have a role as supplier of ADP-ribose for its uptake into the cells
and that the cleavage of NAD by NADase is necessary for the ADP-ribose uptake by human erythrocytes. From ADP-ribose uptake studies at 37 ."	"2.04 pmol / min / uL cell water
* (1 mmol / 1e9 pmol)
* (60 min / 1 hr)
* (0.717 L cell water / L cells)
* (1e6 uL / 1 L)"
GAL_Dt	Transport of alpha-D-galactose	gal_c <=> gal_e	"Transport, extracellular"	transport	-3606	3606	mmol / (hr * L cells)	pubmed:6389533	"Human erythrocytes at 37 C, infinite cis influx, no insulin. Control Galactose transport Vmax = 60.1 mmol / (L * min).
Assume forward and reverse are equal"
GLC_Dt	Transport of beta-D-glucose	glc__D_c <=> glc__D_e	"Transport, extracellular"	transport	-3522	11580	mmol / (hr * L cells)	pubmed:6389533	"Human erythrocytes at 37 C, infinite cis influx, no insulin. Control Glucose transport Vmax = 58.7 mmol / (L * min)
Human erythrocytes at 37 C, Zero trans efflux, no insulin. Control Glucose transport Vmax = 193 mmol / (L * min)"
CRTNt	Transport of creatinine via diffusion	crtn_c <=> crtn_e	"Transport, extracellular"	transport	-1020	1020	mmol / (hr * L cells)	pubmed:29244191	"3 time_independent experiments, observed Vmax for the uptake of creatinine after 60_min at 37_C (pubmed:29244191). Vmax = 1.7_±_0.15 umol/min/10^9_cells
Assume symmetric transport"	"1.7 umol / (min * 1e9_cells)
* (1 mmol / 1e9 umol)
* (60 min / 1 hr)
* (1 cell / 100e-15 L)"
CYTDt	Cytidine transport via facilitated diffusion	cytd_c <=> cytd_e	"Transport, extracellular"	transport	-990	990	mmol / (hr * L cells)	pubmed:5160738	"Human erythrocytes (Type A, Rh+), collected from acid-citrate-dextrose blood, were obtained from the Southwest Michigan Blood Bank and stored under sterile conditions at 4 . Cells were used within 2I days. At 37 C, there are very high transport rates for nucleosides. Efflux experiments at 37C. Vmax = 16.5 mmol / (L * min). Assume symmetric transport."	"16.5 mmol / (L cells * min)
* (60 min / 1 hr)"
ADEt	Adenine transport via facilitated diffusion	ade_c <=> ade_e	"Transport, extracellular"	transport	-824.4	824.4	mmol / (hr * L cells)	pubmed:3379069	"Adenine, permeant concentration 5 mM Nucleobase influx rate at 37 C. No corrections made for diffusion flux contribution. Assume symmetric transport. Mean (SE) initial velocity: 1145 (31) pmol / s / 5 uL packed cells"	1145 pmol/(s * 5 uL cells) * (1 mmol / 1e9 pmol) * (3600 s / 1 hr) * (1e6 uL cells / 1 L cells)
URIt	Uridine transport via facilitated diffusion	uri_c <=> uri_e	"Transport, extracellular"	transport	-600	600	mmol / (hr * L cells)	pubmed:5160738	"Human erythrocytes (Type A, Rh+), collected from acid-citrate-dextrose blood, were obtained from the Southwest Michigan Blood Bank and stored under sterile conditions at 4 . Cells were used within 2I days. At 37 C, there are very high transport rates for nucleosides. Efflux experiments at 37C. Vmax = 10 mmol / (L * min). Assume symmetric transport."	"10 mmol / (L cells * min)
* (60 min / 1 hr)"
THYMDt	Thymidine transport via facilitated diffusion	thymd_c <=> thymd_e	"Transport, extracellular"	transport	-550.8	550.8	mmol / (hr * L cells)	pubmed:3471758	"Initial velocity of influx determined for thymidine at 37 C for human erythrocytes, hematocrit of 10%. Mean (SE) influx rate for 2 mM thymidine: 1530 (111) pmol / s / 10 uL packed cells"	"1530 pmol / s / 10 uL cells
* (1 mmol / 1e9 pmol)
* (3600 s / 1 hr)
* (1e6 uL / 1 L)"
5FLURAt	Transport of 5-fluorouracil	5flura_c <=> 5flura_e	"Transport, extracellular"	transport	-381.6	381.6	mmol / (hr * L cells)	pubmed:8347174	"5-fluorouracil permeant, saturatable nucleoside transport influx at 37 C. Mean (SE) Vmax: ~ 530 (80) pmol / s / 5 uL packed cells"	530 pmol/(s * 5 uL cells) * (1 mmol / 1e9 pmol) * (3600 s / 1 hr) * (1e6 uL cells / 1 L cells)
HYXNt	Hypoxanthine transport via facilitated diffusion	hxan_c <=> hxan_e	"Transport, extracellular"	transport	-376.56	376.56	mmol / (hr * L cells)	pubmed:3379069	"Hypoxanthine, permeant concentration 4.5 mM Nucleobase influx rate at 37 C. No corrections made for diffusion flux contribution. Assume symmetric transport. Mean (SE) initial velocity: 523 (13) pmol / s / 5 uL packed cells"	523 pmol/(s * 5 uL cells) * (1 mmol / 1e9 pmol) * (3600 s / 1 hr) * (1e6 uL cells / 1 L cells)
5MTAtec	Transport of 5-S-methyl-5-thioadenosine via facilitated diffusion (extracellular/cytosol)	5mta_c <=> 5mta_e	"Transport, extracellular"	transport	-362.4	362.4	mmol / (hr * L cells)	pubmed:6838867	"Zero-trans influx of methylthioadenosine in phosphate-depleted human erythrocytes through a saturatable system: Vmax = 604 (51) pmol/(min * 1e6 cells)
Assume symmetric Vmax for 5-methylthioadenosine transport:
Assays at 37 C calculated assuming 12.91 uL water for 20 uL packed RBCs which also corresponds to 2e8 cells, equivalenty 100 uL of suspension.
After 5 min, a significant increase in the cellular concentration of 5-methylthioribose l-phosphate was observable, while 5-methylthioribose did not accumulate in the red cells.
5MTA is, on the contrary, present in large amount in the medium and probably represents the metabolite
escaping from the cells."	"604 pmol / (min * 1e6 cells)
* (1 mmol / 1e9 pmol)
* (60 min / 1 hr)
* (1 cell / 100e-15 L cell)"
URAt	Transport of uracil	ura_c <=> ura_e	"Transport, extracellular"	transport	-360	360	mmol / (hr * L cells)	pubmed:8347174	"Uracil permeant, saturatable nucleoside transport influx at 37 C. Mean (SE) Vmax: ~500 (40) pmol / s / 5 uL packed cells"	500 pmol/(s * 5 uL cells) * (1 mmol / 1e9 pmol) * (3600 s / 1 hr) * (1e6 uL cells / 1 L cells)
ADNt	Adenosine transport via facilitated diffusion	adn_c <=> adn_e	"Transport, extracellular"	transport	-206.496	206.496	mmol / (hr * L cells)	pubmed:6525168	Human erythrocyte adenosine uptake at 37C. Mean (SEM) Vmax = 80 (9) pmol/s/uL of cell water. Assume symmetrical transport	"80 pmol/(s * uL cell water)
* (1 mmol / 1e9 pmol)
* (3600 s / 1 hr)
* (1e6 uL / 1 L)
* (0.717 L water / 1 L cells)"
PYR_LLACtex	Pyruvate/L-lactate exchange	lac__L_e + pyr_c <=> lac__L_c + pyr_e	"Transport, extracellular"	transport	-120.6	120.6	mmol / (hr * L cells)	pubmed:2141093	Lactate inhibits pyruvate transport and vice versa. Assume Vmax of exchange is between lactate and pyruvate	(120.6 + 117)/2 mmol / (L * hr)
PYRt2	Pyruvate transport in via proton symport	h_c + pyr_c <=> h_e + pyr_e	"Transport, extracellular"	transport	-120.6	120.6	mmol / (hr * L cells)	pubmed:2141093	Lactate inhibits pyruvate transport and vice versa. Assume Vmax of exchange is between lactate and pyruvate	(120.6 + 117)/2 mmol / (L * hr)
L_LACt2	L-lactate transport via proton symport	h_c + lac__L_c <=> h_e + lac__L_e	"Transport, extracellular"	transport	-117	117	mmol / (hr * L cells)	pubmed:2141093	Vmax = 117 mmol / (L * hr)	117 mmol / (L * hr)
INSt	Inosine transport via facilitated diffusion	ins_c <=> ins_e	"Transport, extracellular"	transport	-61.2	61.2	mmol / (hr * L cells)	pubmed:2141093	Vmax = 61.2 mmol / (L * hr)	61.2 mmol / (L * hr)
GUAt	Guanine transport via facilitated diffusion	gua_c <=> gua_e	"Transport, extracellular"	transport	-22.968	22.968	mmol / (hr * L cells)	pubmed:3379069	"Guanine, permeant concentration 115 uM Nucleobase influx rate at 37 C. No corrections made for diffusion flux contribution. Assume symmetric transport. Mean (SE) initial velocity: 31.9 (1.2) pmol / s / 5 uL packed cells"	31.9 pmol/(s * 5 uL cells) * (1 mmol / 1e9 pmol) * (3600 s / 1 hr) * (1e6 uL cells / 1 L cells)
LEUMETex	L-leucine/L-methionine exchange	leu__L_c + met__L_e <=> leu__L_e + met__L_c	"Transport, extracellular"	transport	-21.98322	21.98322	mmol / (hr * L cells)	pubmed:14154468	"Efflux of L-leucine affected by presence of amino acids, initial leucine concentration 0.83 mM: Efflux, L-methionine added at 20mM: 0.284 mmol / (L cell water * min)
Assume symmetric transport"	"0.511 mmol / (L cell water * min)
* (60 min / 1)
* (0.717 L water / L cell)"
LEUVALex	L-leucine/L-valine exchange	leu__L_c + val__L_e <=> leu__L_e + val__L_c	"Transport, extracellular"	transport	-18.11142	18.11142	mmol / (hr * L cells)	pubmed:14154468	"Efflux of L-leucine affected by presence of amino acids, initial leucine concentration 0.83 mM: Efflux, L-valine added at 20mM: 0.284 mmol / (L cell water * min)
Assume symmetric transport"	"0.421 mmol / (L cell water * min)
* (60 min / 1)
* (0.717 L water / L cell)"
LEUPHEex	L-leucine/L-phenylalanine exchange	leu__L_c + phe__L_e <=> leu__L_e + phe__L_c	"Transport, extracellular"	transport	-17.8533	17.8533	mmol / (hr * L cells)	pubmed:14154468	"Efflux of L-leucine affected by presence of amino acids, initial leucine concentration 0.83 mM: Efflux, L-phenylalanine added at 20mM: 0.284 mmol / (L cell water * min)
Assume symmetric transport"	"0.415 mmol / (L cell water * min)
* (60 min / 1)
* (0.717 L water / L cell)"
LEUtec	L-leucine transport via facilitated diffusion (extracellular/cytosol)	leu__L_c <=> leu__L_e	"Transport, extracellular"	transport	-17.50914	17.50914	mmol / (hr * L cells)	pubmed:14154468	"Efflux of L-leucine affected by presence of amino acids in volume 15mL, initial leucine concentration 0.81 mM: Efflux, L-leucine added at 20mM: 0.407 mmol / (L cell water * min)
Assume symmetric transport"	"0.407 mmol / (L cell water * min)
* (60 min / 1)
* (0.717 L water / L cell)"
LEUTHRex	L-leucine/L-threonine exchange	leu__L_c + thr__L_e <=> leu__L_e + thr__L_c	"Transport, extracellular"	transport	-12.86298	12.86298	mmol / (hr * L cells)	pubmed:14154468	"Efflux of L-leucine affected by presence of amino acids, initial leucine concentration 0.83 mM: Efflux, L-threonine added at 20mM: 0.284 mmol / (L cell water * min)
Assume symmetric transport"	"0.299 mmol / (L cell water * min)
* (60 min / 1)
* (0.717 L water / L cell)"
GLYLEUex	Glycine/L-leucine exchange	gly_c + leu__L_e <=> gly_e + leu__L_c	"Transport, extracellular"	transport	-12.0456	12.0456	mmol / (hr * L cells)	pubmed:14154468	"Efflux of L-leucine affected by presence of amino acids, initial leucine concentration 0.83 mM: Efflux, glycine added at 20mM: 0.284 mmol / (L cell water * min)
Assume symmetric transport"	"0.28 mmol / (L cell water * min)
* (60 min / 1)
* (0.717 L water / L cell)"
LEUTRPex	L-leucine/L-tyrptophan exchange	leu__L_c + trp__L_e <=> leu__L_e + trp__L_c	"Transport, extracellular"	transport	-10.28178	10.28178	mmol / (hr * L cells)	pubmed:14154468	"Efflux of L-leucine affected by presence of amino acids, initial leucine concentration 0.83 mM: Efflux, L-tryptophan added at 20mM: 0.284 mmol / (L cell water * min)
Assume symmetric transport"	"0.239 mmol / (L cell water * min)
* (60 min / 1)
* (0.717 L water / L cell)"
ALALEUex	L-alanine/L-leucine exchange	ala__L_c + leu__L_e <=> ala__L_e + leu__L_c	"Transport, extracellular"	transport	-10.06668	10.06668	mmol / (hr * L cells)	pubmed:14154468	"Efflux of L-leucine affected by presence of amino acids, initial leucine concentration 0.83 mM: Efflux, L-alanine added at 20mM: 0.284 mmol / (L cell water * min).
Assume symmetric transport"	"0.234 mmol / (L cell water * min)
* (60 min / 1)
* (0.717 L water / L cell)"
KCCt	K+-Cl- cotransport	cl_c + k_c <-- cl_e + k_e	"Transport, extracellular"	transport	-1.14	0	mmol / (hr * L cells)	pubmed:6929518	"The cells were first washed in a medium with the same composition as the isotonic saline (except for the substituted anion) and incubated at 37C for 30 min. They were then washed again, incubated another 30 min, and finally washed three more times.
Vmax for Cl dependent K+ influx was 1.14 mmol / (L * hr)"	1.14 mmol / (L cells * hr)
CA2t	Calcium (II) import	ca2_e --> ca2_c	"Transport, extracellular"	transport	-0.2	0	mmol / (hr * L cells)	pubmed:6458770	maximal rates of_~_200 µmol (L RBC)_1 h_1 at 37 C. 	"200 umol / (hr * L cells)
* (1 mmol / 1e3 umol)"
CHOLtec	Transport of choline via facilitated diffusion	chol_c <=> chol_e	"Transport, extracellular"	transport	-0.0888	0.1398	mmol / (hr * L cells)	pubmed:5039981	"Choline influx into nominally choline free cells, medium 75 mM CaCl2. Calculated using 10 min values, mean (SEM): Vmax = 1.48 (0.036) umol per min per liter of cells.
Choline efflux experiments from cells containing 86 and 95 umol choline / cell, medium with 1mM external choline. Cs = 2.05 and 2.61 umol / (min * L cells). "	"1.48 umol / (min * L cells)
* (1 mmol / 1000 umol)
* (60 min / 1 hr)
(2.05 + 2.61) / 2 umol / (min * L cells)
* (1 mmol / 1000 umol)
* (60 min / 1 hr) "
GLY_Cl_2Nat	Glycine transport via Na:Cl cotransport(2:1:1)	cl_e + gly_e + 2.0 na1_e <=> cl_c + gly_c + 2.0 na1_c	"Transport, extracellular"	transport	-0.0287	0.047	mmol / (hr * L cells)	pubmed:20498365;pubmed:11920197	"Human erythrocytes at 37 C, Carrier Gly. Reported Vmax = 47 (12) mmol / (L cells * hr).
Stated in pubmed:20498365, citing pubmed:11920197
Initial rates of amino acid uptake at 37 C were measured. Na+-dependent components of efflux, Cl sensitive: Vmax = 28.7 umol / (hr * L cells)"	"47 umol / (L cells * hr)
* (1 mmol / 1e3 umol)
28.7 umol / (hr * L cells)
* (1 mmol / 1e3 umol)"
CGMPtec	"Transport of 3',5'-cyclic AMP"	35cgmp_e --> 35cgmp_c	"Transport, extracellular"	transport	0	0.00264	mmol / (hr * L cells)	pubmed:29244191	"4 time_independent experiments, mean value_±_SD, observed Vmax for the uptake of cGMP after 60_min at 37_C (pubmed:29244191). Vmax = 4.4_±_0.5 pmol/min/10^9_cells"
CAMPtec	"Transport of 3',5'-cyclicAMP"	35camp_e --> 35camp_c	"Transport, extracellular"	transport	0	0.00222	mmol / (hr * L cells)	pubmed:29244191	"5 time_independent experiments, mean value_±_SD, observed Vmax for the uptake of cAMP after 60_min at 37_C (pubmed:29244191). Vmax = 3.7_±_0.8 pmol/min/10^9_cells"
ACNAMt2	N-acetylneuraminate proton symport	acnam_e + h_e --> acnam_c + h_c	"Transport, extracellular"	transport	0	0.0000748	mmol / (hr * L cells)	pubmed:12765793	"Washed human erythrocyte at 37C. Saturation curve was obtained when RBCs were incubated for 30 min in the presence of various concentrations of free Neu5Ac, from 10 to 500 _g/ml. Vmax = 18.7 fmol per 5 _ 10^6 cells within 30 min of incubation"	"18.7 fmol /(5 _ 10^6 cells * 30 min)
* (1 mmol / 1e12 fmol)
* (60 min / 1 hr)
* (1 cell / 100e-15 L cell)"
CAATPS1	P-type Ca(2+) transporter (1:1 stoichiometry)	atp_c + ca2_c + h2o_c --> adp_c + ca2_e + h_c + pi_c	"Transport, extracellular"	transport	0	10	mmol / (hr * L cells)	pubmed:6252968	"Maximal rate of active calcium transport is between 2 and 10 mmol / (hr * L cells) as measured in ghosts, intact red cells, or inside.out membrane vesicles. Pump is primarily responsible for calcium export"	10 mmol / (hr * L cell)
CAMPABCte	"ATP-binding Cassette (ABC) export of 3',5'-cyclic AMP"	35camp_c + atp_c + h2o_c --> 35camp_e + adp_c + h_c + pi_c	"Transport, extracellular"	transport	0	0.0005682	mmol / (hr * L cells)	pubmed:29244191	"5 time_independent experiments, mean value_±_SD, observed Vmax for the low-affinity export of cAMP after 60_min at 37_C (pubmed:29244191). Vmax = 0.947_±_0.364 pmol/min/10^9_cells"
CGMPABCte	"ATP-binding Cassette (ABC) export of 3',5'-cyclic GMP"	35cgmp_c + atp_c + h2o_c --> 35cgmp_e + adp_c + h_c + pi_c	"Transport, extracellular"	transport	0	8.76E-05	mmol / (hr * L cells)	pubmed:29244191	"4 time_independent experiments, mean value_±_SD, observed Vmax for the high-affinity export of cGMP after 60_min at 37_C (pubmed:29244191). Vmax = 0.146_±_0.044 pmol/min/10^9_cells"
CREAT2NaClt	Creatine transport via sodium and chloride symport	cl_e + creat_e + 2.0 na1_e --> cl_c + creat_c + 2.0 na1_c	"Transport, extracellular"	transport	0	0.0045	mmol / (hr * L cells)	pubmed:7397170	"Creatine transport studied in RBCs at 37 C has saturatable & non-saturatable components. The non-saturable component is little, if at all, dependent on cell age while the saturable component is higher in young cells than old. Vmax = 4.5 nmol / ml cells / hour. "	"4.5 nmol / (mL cells * hr)
* (1 mmol / 1e6 nmol)
* (1e3 mL cells / 1 L cells)"
ERGOTHtuNa	Transport of Ergothioneine	ergoth_e + na1_e --> ergoth_c + na1_c	"Transport, extracellular"	transport	0	3	mmol / (hr * L cells)	pubmed:10491340	"Cells were incubated at a 20% (w/v) haematocrit at 37 C in PBS containing 5 mM
D-glucose and 1 mM ERT. After 2 hours in 5 mM extracellular ERT, 1200 uM uptake. Uptake varies considerably with donor, maximum value used. "	"1200 umol / (0.2 L cells * 2 hr)
* (1 mmol / 1e3 umol)"
GLYALANaEx	Glycine/L-alanine Na-dependent exchange (Gly in)	na1_e + ala__L_c + gly_e + --> + na1_c + ala__L_e + gly_c	"Transport, extracellular"	transport	0	0.30114	mmol / (hr * L cells)	pubmed:7055559	"Washed erythrocytes, Na+-dependent components of efflux measured at 37 C, extracellular glycine, inital intracellular alanine 0.95 mM. Vmax = 7.0 nmol / (mL water * min)."
LEUALANaEx	L-leucine/L-alanine Na-dependent exchange (Leu-L in)	na1_e + ala__L_c + leu__L_e + --> + na1_c + ala__L_e + leu__L_c	"Transport, extracellular"	transport	0	0.2151	mmol / (hr * L cells)	pubmed:7055559	"Washed erythrocytes, Na+-dependent components of efflux measured at 37 C, extracellular leucine, inital intracellular alanine 0.95 mM. Vmax = 5.0 nmol / (mL water * min)."
MG2NAtex2	Na+/Mg2+ exchange	mg2_c + 2.0 na1_e --> mg2_e + 2.0 na1_c	"Transport, extracellular"	transport	0	1.221374046	mmol / (hr * L cells)	pubmed:35445032	"Mean (SEM) for Mg2 Na-dependent efflux, healthy RBCs at 37C, activated by Mg2. We characterized the regulation of Mg2+ efflux by glucose in ex vivo human RBC. Treatment of cells with 50 mM D-glucose. Adjusted using MCV =
Increased activity from 0.60 (0.09) to 1.12 (0.09) mmol/(1e13 cell * hr)
Vmax = 1.12 (0.02) mmol/(1e13 cell * hr)"	"1.12 mmol / (1e13 cell * hr)
* (1 cell / 91.7e-15 L cell)"
NaHtex	Transport of Na+ via H+ exchange	h_c + na1_e --> h_e + na1_c	"Transport, extracellular"	transport	0	43	mmol / (hr * L cells)	pubmed:2558690	"Human erythrocytes 12 male and 9 female normotensive individuals, hydrogen efflux mean (Std) Vmax: = 43 (27) mmol / (hr * L cell)"	43 mmol / (hr * L cell)
NaLitex	Transport of Na+ via Li+ exchange	li1_c + na1_e --> li1_e + na1_c	"Transport, extracellular"	transport	0	0.26	mmol / (hr * L cells)	pubmed:2558690	"Human erythrocytes 12 male and 9 female normotensive individuals, lithium efflux mean (Std) Vmax: = 0.26 (0.1) mmol / (hr * L cell)"	0.26 mmol / (hr * L cell)
NKCCt	Na+-K+-Cl- cotransport	2.0 cl_e + k_e + na1_e --> 2.0 cl_c + k_c + na1_c	"Transport, extracellular"	transport	0	0.23	mmol / (hr * L cells)	pubmed:6929518	"The cells were first washed in a medium with the same composition as the isotonic saline (except for the substituted anion) and incubated at 37C for 30 min. They were then washed again, incubated another 30 min, and finally washed three more times.
Vmax for Cl dependent K+ influx was 0.23 mmol / (L * hr)"	0.23 mmol / (L cells * hr)
PHEALANaEx	L-phenylalanine/L-alanine Na-dependent exchange (Phe-L in)	na1_e + ala__L_c + phe__L_e + --> + na1_c + ala__L_e + phe__L_c	"Transport, extracellular"	transport	0	0.116154	mmol / (hr * L cells)	pubmed:7055559	"Washed erythrocytes, Na+-dependent components of efflux measured at 37 C, extracellular phenylalanine, inital intracellular alanine 0.95 mM. Vmax = 2.7 nmol / (mL water * min)."
SBT_Dt	Transport of sorbitol	sbt__D_e --> sbt__D_c	"Transport, extracellular"	transport	0	0.155	mmol / (hr * L cells)	pubmed:8141248	"Sorbitol influx at 37 C in human erythrocytes, linearly dependent on concentration in range tested (100 uM to 100 mM). Human plasma concentration of sorbitol is ~ 5 uM. Low osmolarity conditions with 5 mM glucose, 5 mM sorbitol, 5 mM sucrose in media: 155 umol/(hr * L cells)"	"155 umol/(hr * L cells)
* (1 mmol / 1e3 umol)"
SELNI_Cltex	Transport of selenite via chloride antiport	cl_c + h_e + selni_e --> cl_e + h_c + selni_c	"Transport, extracellular"	transport	0	18.711	mmol / (hr * L cells)	pubmed:32652143	"Selenite influx through SLC4A1:
Vmax = 6237 pmol / min @ 37 C. Human RBCs at a 10% hematocrit in 200 µl "	"6237 pmol / (min * (200 * 0.1) uL cells)
* (1 mmol / 1e9 pmol)
* (60 min / 1 hr)
* (1e6 uL cells / 1 L cells)"
SERALANaEx	L-serine/L-alanine Na-dependent exchange (Ser-L in)	ala__L_c + na1_e + ser__L_e --> ala__L_e + na1_c + ser__L_c	"Transport, extracellular"	transport	0	0.4302	mmol / (hr * L cells)	pubmed:7055559	"Washed erythrocytes, Na+-dependent components of efflux measured at 37 C, extracellular serine, inital intracellular alanine 0.95 mM. Vmax = 10.0 nmol / (mL water * min)."
SPHS1PABCte	ATP-binding Cassette (ABC) export of sphingosine 1-phosphate	atp_c + h2o_c + sphs1p_c --> adp_c + h_c + pi_c + sphs1p_e	"Transport, extracellular"	transport	0	0.02568	mmol / (hr * L cells)	pubmed:17418101;pubmed:19531471	"The rate of the S1P release from the erythrocytes was calculated from values in human erythrocytes reported by Ito et al. (pubmed:17418101). When the amount of S1P inside the erythrocytes (108 cells) was about 38 pmol, the rate of S1P release was about 1.6 pmol/min. The erythrocyte volume and the mass of IOVs prepared from one erythrocyte cell were assumed to be 90 fl and 8.56 _ 10_11 mg, respectively. Thus, the S1P concentration inside the erythrocyte (108 cells) was 4.2 _m, and the rate of S1P release was calculated to be 0.19 nmol/mg/min. Because the rate of S1P uptake is linear up to 10 _m S1P (Fig. 3), the rate of the S1P release from intact erythrocytes at 10 _m S1P was expected to be 0.45 nmol/mg/min
Stated in pubmed:19531471, citing pubmed:17418101."	"0.45 nmol/mg/min
* (1 mmol / 1e6 nmol)
* (8.56 * 1e-11 mg / cell)
* (1 cell / 90e-15 L cell)
* (60 min / 1 hr)"
URATEt	Transport of urate	urate_e --> urate_c	"Transport, extracellular"	transport	0	0.009486	mmol / (hr * L cells)	pubmed:36146	"Urate infux for erythrocytes determined to be at 17e-11 mmol / s / cm^2, using r = 15500 cm^2 / mL cells"	"17e-11 mmol / s / cm^2
* (15500 cm^2 / mL cells)
* (3600 s / 1 hr)"
VALALANaEx	L-valine/L-alanine Na-dependent exchange (Val-L in)	na1_e + ala__L_c + val__L_e + --> + na1_c + ala__L_e + val__L_c	"Transport, extracellular"	transport	0	0.25812	mmol / (hr * L cells)	pubmed:7055559	"Washed erythrocytes, Na+-dependent components of efflux measured at 37 C, extracellular valine, inital intracellular alanine 0.95 mM. Vmax = 6.0 nmol / (mL water * min)."
ATPte	ATP export	atp_c --> atp_e	"Transport, extracellular"	transport	0	1.56	mmol / (hr * L cells)	pubmed:21921036	"When cell-attached luciferase was used as the ATP sensor, the initial ATP release rate amounted to 2.6 (1.4) pmol * (1e-6 cells min)_1."	"2.6 pmol / (min * 1e6 cells)
* (1 mmol / 1e9 pmol)
* (60 min / 1 hr)
* (1 cell / 100e-15 L cell)"
EX_lac__D_e	D-lactate exchange	lac__D_e <=> 	Pseudoreactions	exchange	0	0.0168	mmol / (hr * L cells)	pubmed:3196289	D-Lactic acid was assayed in 50% (v/v) red blood cell suspensions before and after incubation in Krebs-Ringer phosphate buffer at 37 C for 2 h. The effect of glucose concentration was investigated by incubating red blood cells with 5 glucose (nmol/hr/ml of packed red blood cells)	16.8 nmol / hr / mL cells* (1 mmol /1000000 nmol) * (1000 mL cells/1 L cells)